id,type,start_pos,end_pos,surface,coref_id
agnolo:608,ENT,7,37,Michele d'Agnolo of Poggibonzi,
agnolo:608,ENT,27,37,Poggibonzi,
agnolo:608,ENT,46,53,village,
agnolo:608,ENT,46,67,village of Montorsoli,
agnolo:608,ENT,103,111,Florence,
agnolo:608,ENT,127,134,Bologna,
agnolo:608,PRON,142,144,he,
agnolo:608,ENT,156,160,farm,
agnolo:608,ENT,197,202,child,
agnolo:608,PRON,212,214,he,
agnolo:608,PRON,232,235,his,
agnolo:608,ENT,236,242,father,
agnolo:608,ENT,244,250,Agnolo,
agnolo:608,ENT,257,262,child,
agnolo:608,ENT,306,312,design,
agnolo:608,PRON,354,357,his,
agnolo:608,ENT,358,364,father,
agnolo:608,ENT,393,400,friends,
agnolo:608,ENT,411,424,stone-cutting,
agnolo:608,ENT,436,443,masters,
agnolo:608,ENT,474,481,Fiesole,
agnolo:608,ENT,502,512,Montorsoli,
agnolo:608,ENT,514,520,Agnolo,
agnolo:608,ENT,543,549,chisel,
agnolo:608,ENT,561,568,masters,
agnolo:608,ENT,586,605,Francesco del Tadda,
agnolo:608,ENT,622,625,lad,
agnolo:608,PRON,678,680,he,
agnolo:608,ENT,714,719,tools,
agnolo:608,ENT,749,753,work,
agnolo:608,ENT,822,841,Francesco del Tadda,
agnolo:608,ENT,847,854,Maestro,
agnolo:608,ENT,847,884,"Maestro Andrea, a sculptor of Fiesole",
agnolo:608,ENT,865,873,sculptor,
agnolo:608,ENT,877,884,Fiesole,
agnolo:608,ENT,904,909,child,
agnolo:608,ENT,926,932,master,
agnolo:608,PRON,939,941,he,
agnolo:608,PRON,969,972,him,
agnolo:608,PRON,993,996,him,
agnolo:608,PRON,1007,1009,he,
agnolo:608,PRON,1015,1018,him,
agnolo:608,ENT,1026,1034,workshop,
agnolo:608,PRON,1070,1073,his,
agnolo:608,ENT,1081,1088,Michele,
agnolo:608,ENT,1101,1107,Agnolo,
agnolo:608,ENT,1145,1158,stone-cutters,
agnolo:608,ENT,1162,1166,Rome,
agnolo:608,ENT,1206,1214,building,
agnolo:608,ENT,1218,1227,S. Pietro,
agnolo:608,ENT,1253,1261,rosettes,
agnolo:608,ENT,1284,1292,cornices,
agnolo:608,ENT,1329,1335,temple,
agnolo:608,ENT,1410,1414,Rome,
agnolo:608,PRON,1432,1434,he,
agnolo:608,ENT,1453,1460,Perugia,
agnolo:608,ENT,1468,1474,master,
agnolo:608,ENT,1475,1487,stone-cutter,
agnolo:608,PRON,1519,1522,him,
agnolo:608,PRON,1540,1543,his,
agnolo:608,ENT,1544,1549,works,
agnolo:608,ENT,1584,1591,Perugia,
agnolo:608,PRON,1613,1616,him,
agnolo:608,PRON,1627,1629,he,
agnolo:608,PRON,1648,1650,he,
agnolo:608,PRON,1702,1708,itself,
agnolo:608,ENT,1725,1729,tomb,
agnolo:608,ENT,1733,1775,"M. Raffaello Maffei, called Il  Volterrano",
agnolo:608,ENT,1780,1788,Volterra,
agnolo:608,ENT,1802,1806,work,
agnolo:608,ENT,1832,1838,marble,
agnolo:608,PRON,1840,1842,he,
agnolo:608,PRON,1880,1883,his,
agnolo_and_agostino:615,ENT,45,51,school,
agnolo_and_agostino:615,ENT,59,68,sculptors,
agnolo_and_agostino:615,ENT,69,77,Giovanni,
agnolo_and_agostino:615,ENT,82,97,Niccola of Pisa,
agnolo_and_agostino:615,ENT,93,97,Pisa,
agnolo_and_agostino:615,ENT,99,107,Agostino,
agnolo_and_agostino:615,ENT,112,118,Agnolo,
agnolo_and_agostino:615,ENT,120,129,sculptors,
agnolo_and_agostino:615,ENT,133,138,Siena,
agnolo_and_agostino:615,ENT,185,189,Life,
agnolo_and_agostino:615,PRON,255,256,I,
agnolo_and_agostino:615,ENT,280,286,father,
agnolo_and_agostino:615,ENT,291,297,mother,
agnolo_and_agostino:615,ENT,301,306,Siena,
agnolo_and_agostino:615,PRON,312,317,their,
agnolo_and_agostino:615,ENT,335,345,architects,
agnolo_and_agostino:615,ENT,387,391,rule,
agnolo_and_agostino:615,ENT,387,412,rule of the three Consuls,
agnolo_and_agostino:615,ENT,399,412,three Consuls,
agnolo_and_agostino:615,PRON,414,418,they,
agnolo_and_agostino:615,ENT,445,456,Fontebranda,
agnolo_and_agostino:615,ENT,512,521,Consulate,
agnolo_and_agostino:615,ENT,527,540,Customs-house,
agnolo_and_agostino:615,ENT,541,544,of ,
agnolo_and_agostino:615,ENT,549,553,city,
agnolo_and_agostino:615,ENT,564,573,buildings,
agnolo_and_agostino:615,PRON,588,590,it,
agnolo_and_agostino:615,ENT,620,625,seeds,
agnolo_and_agostino:615,ENT,653,659,houses,
agnolo_and_agostino:615,ENT,710,716,shoots,
agnolo_and_agostino:615,ENT,761,767,fruits,
agnolo_and_agostino:615,ENT,783,789,plants,
agnolo_and_agostino:615,ENT,800,808,Agostino,
agnolo_and_agostino:615,ENT,813,819,Agnolo,
agnolo_and_agostino:615,ENT,868,876,Giovanni,
agnolo_and_agostino:615,ENT,881,896,Niccola of Pisa,
agnolo_and_agostino:615,ENT,892,896,Pisa,
agnolo_and_agostino:615,ENT,911,914,art,
agnolo_and_agostino:615,ENT,927,933,design,
agnolo_and_agostino:615,ENT,938,947,invention,
agnolo_and_agostino:615,ENT,958,963,works,
agnolo_and_agostino:615,PRON,985,987,It,
agnolo_and_agostino:615,ENT,1015,1023,Giovanni,
agnolo_and_agostino:615,ENT,1040,1046,Naples,
agnolo_and_agostino:615,ENT,1050,1054,Pisa,
agnolo_and_agostino:615,ENT,1083,1088,Siena,
agnolo_and_agostino:615,ENT,1110,1116,design,
agnolo_and_agostino:615,ENT,1121,1131,foundation,
agnolo_and_agostino:615,ENT,1140,1146,façade,
agnolo_and_agostino:615,ENT,1154,1159,Duomo,
agnolo_and_agostino:615,ENT,1193,1198,doors,
agnolo_and_agostino:615,PRON,1216,1218,it,
agnolo_and_agostino:615,ENT,1257,1264,marbles,
agnolo_and_agostino:615,ENT,1280,1288,Agostino,
agnolo_and_agostino:615,PRON,1347,1350,him,
agnolo_and_agostino:615,PRON,1369,1376,himself,
agnolo_and_agostino:615,ENT,1380,1389,sculpture,
agnolo_and_agostino:615,PRON,1399,1401,he,
agnolo_and_agostino:615,ENT,1466,1469,art,
agnolo_and_agostino:615,ENT,1493,1505,architecture,
agnolo_and_agostino:615,ENT,1537,1545,Giovanni,
agnolo_and_agostino:615,PRON,1575,1577,he,
agnolo_and_agostino:615,PRON,1592,1595,his,
agnolo_and_agostino:615,ENT,1616,1622,design,
agnolo_and_agostino:615,PRON,1659,1661,it,
agnolo_and_agostino:615,PRON,1683,1685,he,
agnolo_and_agostino:615,PRON,1707,1710,his,
agnolo_and_agostino:615,ENT,1711,1717,master,
agnolo_and_agostino:615,ENT,1740,1746,people,
agnolo_and_agostino:615,ENT,1797,1803,nature,
agnolo_and_agostino:615,ENT,1811,1815,soul,
agnolo_and_agostino:615,ENT,1823,1830,fortune,
agnolo_and_agostino:615,ENT,1898,1901,men,
agnolo_and_agostino:615,ENT,1994,2002,Agostino,
agnolo_and_agostino:615,ENT,2045,2053,Giovanni,
agnolo_and_agostino:615,PRON,2060,2063,his,
agnolo_and_agostino:615,ENT,2064,2071,brother,
agnolo_and_agostino:615,ENT,2072,2078,Agnolo,
agnolo_and_agostino:619,PRON,170,173,him,
baccio_bandinelli:627,ENT,21,25,arts,
baccio_bandinelli:627,ENT,29,35,design,
baccio_bandinelli:627,ENT,50,58,Florence,
baccio_bandinelli:627,ENT,101,135,Lorenzo de' Medici the Magnificent,
baccio_bandinelli:627,ENT,113,119,Medici,
baccio_bandinelli:627,ENT,156,160,city,
baccio_bandinelli:627,ENT,163,172,goldsmith,
baccio_bandinelli:627,ENT,180,214,Michelagnolo di Viviano of Gaiuole,
baccio_bandinelli:627,ENT,196,203,Viviano,
baccio_bandinelli:627,ENT,207,214,Gaiuole,
baccio_bandinelli:627,ENT,247,254,chasing,
baccio_bandinelli:627,ENT,259,265,incavo,
baccio_bandinelli:627,ENT,270,277,enamels,
baccio_bandinelli:627,ENT,282,288,niello,
baccio_bandinelli:627,ENT,336,340,gold,
baccio_bandinelli:627,ENT,345,351,silver,
baccio_bandinelli:627,ENT,352,357,plate,
baccio_bandinelli:627,ENT,364,376,Michelagnolo,
baccio_bandinelli:627,ENT,402,408,jewels,
baccio_bandinelli:627,PRON,418,422,them,
baccio_bandinelli:627,PRON,452,455,his,
baccio_bandinelli:627,PRON,468,471,his,
baccio_bandinelli:627,ENT,500,507,masters,
baccio_bandinelli:627,PRON,511,514,his,
baccio_bandinelli:627,ENT,515,518,art,
baccio_bandinelli:627,PRON,544,547,him,
baccio_bandinelli:627,PRON,553,555,he,
baccio_bandinelli:627,ENT,603,606,men,
baccio_bandinelli:627,ENT,614,618,city,
baccio_bandinelli:627,PRON,634,637,his,
baccio_bandinelli:627,ENT,638,646,workshop,
baccio_bandinelli:627,PRON,666,668,it,
baccio_bandinelli:627,ENT,687,695,Florence,
baccio_bandinelli:627,PRON,700,703,him,
baccio_bandinelli:627,ENT,708,727,Magnificent Lorenzo,
baccio_bandinelli:627,ENT,740,745,house,
baccio_bandinelli:627,ENT,740,755,house of Medici,
baccio_bandinelli:627,PRON,764,774,themselves,
baccio_bandinelli:627,ENT,801,809,Giuliano,
baccio_bandinelli:627,ENT,815,822,brother,
baccio_bandinelli:627,ENT,831,850,Magnificent Lorenzo,
baccio_bandinelli:627,ENT,864,882,Piazza di S. Croce,
baccio_bandinelli:627,ENT,874,882,S. Croce,
baccio_bandinelli:627,PRON,884,886,he,
baccio_bandinelli:627,ENT,908,921,craftsmanship,
baccio_bandinelli:627,ENT,930,939,ornaments,
baccio_bandinelli:627,ENT,943,950,helmets,
baccio_bandinelli:627,ENT,952,958,crests,
baccio_bandinelli:627,ENT,964,971,devices,
baccio_bandinelli:627,PRON,983,985,he,
baccio_bandinelli:627,ENT,1035,1039,sons,
baccio_bandinelli:627,ENT,1047,1066,Magnificent Lorenzo,
baccio_bandinelli:627,PRON,1076,1079,his,
baccio_bandinelli:627,ENT,1080,1084,work,
baccio_bandinelli:627,PRON,1138,1141,him,
baccio_bandinelli:627,ENT,1218,1223,works,
baccio_bandinelli:627,PRON,1229,1231,he,
baccio_bandinelli:627,ENT,1262,1266,city,
baccio_bandinelli:627,ENT,1271,1279,dominion,
baccio_bandinelli:627,PRON,1281,1283,he,
baccio_bandinelli:627,ENT,1293,1296,man,
baccio_bandinelli:627,PRON,1343,1346,his,
baccio_bandinelli:627,ENT,1347,1350,art,
baccio_bandinelli:627,ENT,1360,1383,Michelagnolo the Medici,
baccio_bandinelli:627,ENT,1377,1383,Medici,
baccio_bandinelli:627,ENT,1409,1417,Florence,
baccio_bandinelli:627,ENT,1451,1456,plate,
baccio_bandinelli:627,ENT,1460,1466,silver,
baccio_bandinelli:627,ENT,1471,1475,gold,
baccio_bandinelli:627,PRON,1514,1517,him,
baccio_bandinelli:627,PRON,1549,1554,their,
baccio_bandinelli:627,PRON,1568,1570,he,
baccio_bandinelli:627,PRON,1601,1604,his,
baccio_bandinelli:627,ENT,1691,1703,Michelagnolo,
baccio_bandinelli:627,ENT,1706,1709,son,
baccio_bandinelli:627,PRON,1716,1718,he,
baccio_bandinelli:627,ENT,1726,1737,Bartolommeo,
baccio_bandinelli:627,ENT,1772,1782,Florentine,
baccio_bandinelli:627,ENT,1783,1789,custom,
baccio_bandinelli:627,PRON,1791,1793,he,
baccio_bandinelli:627,ENT,1817,1823,Baccio,
baccio_bandinelli:627,ENT,1825,1837,Michelagnolo,
baccio_bandinelli:627,PRON,1857,1860,his,
baccio_bandinelli:627,ENT,1861,1864,son,
baccio_bandinelli:627,PRON,1873,1876,his,
baccio_bandinelli:627,ENT,1877,1880,art,
baccio_bandinelli:627,PRON,1902,1905,him,
baccio_bandinelli:627,PRON,1911,1914,his,
baccio_bandinelli:627,ENT,1919,1927,workshop,
baccio_bandinelli:627,ENT,1956,1959,men,
baccio_bandinelli:627,ENT,2004,2010,custom,
baccio_bandinelli:627,ENT,2060,2069,goldsmith,
baccio_bandinelli:627,ENT,2089,2100,draughtsman,
baccio_bandinelli:627,ENT,2126,2132,relief,
brunelleschi:666,ENT,47,56,sculpture,
brunelleschi:666,ENT,130,136,bronze,
brunelleschi:666,ENT,137,142,doors,
brunelleschi:666,ENT,150,156,Church,
brunelleschi:666,ENT,161,171,Baptistery,
brunelleschi:666,ENT,175,186,S. Giovanni,
brunelleschi:666,ENT,213,226,Andrea Pisano,
brunelleschi:666,ENT,261,268,masters,
brunelleschi:663,PRON,155,159,they,
brunelleschi:663,PRON,230,234,them,
brunelleschi:663,PRON,281,285,them,
brunelleschi:663,PRON,287,291,they,
brunelleschi:663,PRON,316,321,their,
brunelleschi:663,PRON,366,371,their,
brunelleschi:663,PRON,402,404,it,
brunelleschi:663,PRON,423,425,it,
brunelleschi:663,PRON,478,481,his,
brunelleschi:663,PRON,492,494,he,
brunelleschi:663,PRON,530,535,their,
brunelleschi:663,PRON,601,604,his,
brunelleschi:663,PRON,990,994,them,
brunelleschi:663,PRON,1016,1020,they,
brunelleschi:663,PRON,1103,1105,it,
brunelleschi:663,PRON,1266,1268,it,
brunelleschi:663,PRON,1307,1309,us,
brunelleschi:663,PRON,2019,2022,him,
brunelleschi:663,PRON,2150,2152,he,
brunelleschi:663,PRON,2166,2168,he,
brunelleschi:663,PRON,2201,2203,he,
brunelleschi:663,PRON,2234,2236,he,
brunelleschi:663,PRON,2253,2256,his,
brunelleschi:663,PRON,2291,2294,his,
brunelleschi:663,PRON,2304,2306,He,
brunelleschi:663,PRON,2321,2323,he,
brunelleschi:663,PRON,2346,2349,his,
brunelleschi:663,PRON,2376,2378,he,
brunelleschi:663,PRON,2399,2402,his,
brunelleschi:663,PRON,2416,2419,his,
bugiardini:634,ENT,11,28,siege of Florence,
bugiardini:634,ENT,20,28,Florence,
bugiardini:634,ENT,33,43,population,
bugiardini:634,ENT,101,108,suburbs,
bugiardini:634,ENT,133,137,gate,
bugiardini:634,ENT,157,165,churches,
bugiardini:634,ENT,167,178,monasteries,
bugiardini:634,ENT,184,193,hospitals,
bugiardini:634,PRON,205,207,it,
bugiardini:634,ENT,221,225,city,
bugiardini:634,ENT,256,263,persons,
bugiardini:634,ENT,276,285,craftsmen,
bugiardini:634,PRON,328,332,they,
bugiardini:634,ENT,369,373,city,
bugiardini:634,ENT,493,507,Porta a Faenza,
bugiardini:634,ENT,501,507,Faenza,
bugiardini:634,ENT,518,537,Giuliano Bugiardini,
bugiardini:634,PRON,564,567,his,
bugiardini:634,ENT,568,577,ancestors,
bugiardini:634,ENT,622,629,suburbs,
bugiardini:634,ENT,683,686,lad,
bugiardini:634,PRON,688,690,he,
bugiardini:634,PRON,697,700,his,
bugiardini:634,ENT,716,722,garden,
bugiardini:634,ENT,730,736,Medici,
bugiardini:634,ENT,744,762,Piazza di S. Marco,
bugiardini:634,ENT,754,762,S. Marco,
bugiardini:634,ENT,800,803,art,
bugiardini:634,ENT,814,831,sculptor Bertoldo,
bugiardini:634,PRON,833,835,he,
bugiardini:634,ENT,884,907,Michelagnolo Buonarroti,
bugiardini:634,PRON,914,916,he,
bugiardini:634,ENT,937,947,Buonarroti,
bugiardini:634,ENT,971,983,Michelagnolo,
bugiardini:634,PRON,1026,1028,he,
bugiardini:634,ENT,1036,1044,Giuliano,
bugiardini:634,PRON,1125,1127,he,
bugiardini:634,ENT,1143,1146,art,
bugiardini:634,ENT,1161,1169,Giuliano,
bugiardini:634,PRON,1240,1243,his,
bugiardini:634,ENT,1312,1322,Buonarroti,
bugiardini:634,PRON,1360,1363,him,
bugiardini:634,PRON,1380,1382,he,
bugiardini:634,ENT,1402,1407,works,
bugiardini:634,PRON,1411,1414,his,
bugiardini:634,ENT,1443,1446,men,
bugiardini:634,ENT,1480,1488,Giuliano,
bugiardini:634,PRON,1597,1599,he,
bugiardini:634,ENT,1656,1668,Michelagnolo,
bugiardini:634,PRON,1682,1685,him,
bugiardini:634,PRON,1701,1703,he,
bugiardini:634,PRON,1738,1740,he,
bugiardini:634,PRON,1751,1758,himself,
bugiardini:634,ENT,1779,1783,work,
bugiardini:634,PRON,1787,1790,his,
bugiardini:634,PRON,1812,1815,him,
bugiardini:634,ENT,1823,1831,Giuliano,
bugiardini:634,ENT,1844,1850,design,
bugiardini:634,PRON,1892,1894,he,
bugiardini:634,ENT,1917,1927,Buonarroti,
bugiardini:634,ENT,1932,1940,Granacci,
bugiardini:634,ENT,1948,1968,Domenico Ghirlandajo,
bugiardini:634,ENT,2007,2013,chapel,
bugiardini:634,ENT,2017,2033,S. Maria Novella,
bugiardini:638,PRON,61,63,he,
calavrese:641,ENT,9,14,world,
calavrese:641,ENT,49,56,science,
calavrese:641,PRON,93,96,its,
calavrese:641,ENT,160,168,miracles,
calavrese:641,ENT,234,237,air,
calavrese:641,ENT,242,247,place,
calavrese:641,PRON,274,276,we,
calavrese:641,ENT,294,301,country,
calavrese:641,ENT,333,342,intellect,
calavrese:641,ENT,375,379,work,
calavrese:641,PRON,422,426,they,
calavrese:641,PRON,457,461,they,
calavrese:641,PRON,516,518,we,
calavrese:641,PRON,531,533,we,
calavrese:641,ENT,554,562,province,
calavrese:641,ENT,565,570,fruit,
calavrese:641,PRON,623,625,we,
calavrese:641,ENT,639,642,man,
calavrese:641,PRON,666,668,we,
calavrese:641,PRON,674,677,him,
calavrese:641,ENT,683,690,country,
calavrese:641,ENT,697,700,men,
calavrese:641,PRON,745,747,it,
calavrese:641,ENT,761,768,painter,
calavrese:641,ENT,761,784,painter Marco Calavrese,
calavrese:641,PRON,799,802,his,
calavrese:641,ENT,807,814,country,
calavrese:641,PRON,826,829,his,
calavrese:641,ENT,864,868,city,
calavrese:641,ENT,864,878,city of Naples,
calavrese:641,PRON,880,882,He,
calavrese:641,PRON,932,935,his,
calavrese:641,ENT,943,947,Rome,
calavrese:641,ENT,1006,1014,painting,
calavrese:641,ENT,1024,1028,song,
calavrese:641,ENT,1036,1041,Siren,
calavrese:641,PRON,1058,1061,him,
calavrese:641,PRON,1088,1090,he,
calavrese:641,ENT,1116,1120,lute,
calavrese:641,ENT,1135,1141,waters,
calavrese:641,ENT,1145,1151,Sebeto,
calavrese:641,PRON,1162,1165,his,
calavrese:641,PRON,1178,1180,he,
calavrese:641,ENT,1192,1200,prisoner,
calavrese:641,ENT,1217,1221,land,
calavrese:641,PRON,1228,1230,he,
calavrese:641,PRON,1243,1246,his,
calavrese:641,ENT,1257,1263,Heaven,
calavrese:641,PRON,1268,1271,his,
calavrese:641,ENT,1295,1300,Marco,
calavrese:641,ENT,1322,1327,works,
calavrese:641,ENT,1331,1335,oils,
calavrese:641,ENT,1343,1349,fresco,
calavrese:641,PRON,1355,1357,he,
calavrese:641,PRON,1365,1372,himself,
calavrese:641,ENT,1398,1401,man,
calavrese:641,ENT,1430,1433,art,
calavrese:641,ENT,1442,1449,country,
calavrese:641,PRON,1453,1456,his,
calavrese:641,ENT,1491,1495,work,
calavrese:641,PRON,1501,1503,he,
calavrese:641,ENT,1516,1522,Aversa,
calavrese:641,ENT,1547,1553,Naples,
calavrese:641,ENT,1576,1589,panel-picture,
calavrese:641,ENT,1593,1597,oils,
calavrese:641,ENT,1605,1615,high-altar,
calavrese:641,ENT,1623,1629,Church,
calavrese:641,ENT,1623,1644,Church of S. Agostino,
calavrese:641,ENT,1633,1644,S. Agostino,
calavrese:641,ENT,1670,1675,frame,
calavrese:641,ENT,1689,1697,pictures,
calavrese:641,PRON,1741,1743,he,
calavrese:641,ENT,1756,1768,S. Augustine,
calavrese:641,ENT,1788,1796,heretics,
calavrese:641,ENT,1814,1820,Christ,
calavrese:641,ENT,1825,1831,Saints,
calavrese:643,PRON,46,49,his,
cosimo:646,ENT,6,15,Giorgione,
cosimo:646,ENT,20,29,Correggio,
cosimo:646,PRON,34,39,their,
cosimo:646,ENT,87,94,regions,
cosimo:646,ENT,87,106,regions of Lombardy,
cosimo:646,ENT,108,115,Tuscany,
cosimo:646,PRON,120,123,her,
cosimo:646,ENT,149,152,men,
cosimo:646,ENT,214,288,"Piero, the son of one Lorenzo, a goldsmith, and a pupil of Cosimo Rosselli",
cosimo:646,ENT,225,228,son,
cosimo:646,ENT,236,256,"Lorenzo, a goldsmith",
cosimo:646,ENT,264,269,pupil,
cosimo:646,ENT,273,288,Cosimo Rosselli,
cosimo:646,PRON,301,303,he,
cosimo:646,ENT,322,337,Piero di Cosimo,
cosimo:646,ENT,388,391,man,
cosimo:646,PRON,400,402,us,
cosimo:646,PRON,457,459,he,
cosimo:646,PRON,492,494,us,
cosimo:646,ENT,533,539,father,
cosimo:646,PRON,546,548,he,
cosimo:646,PRON,560,562,us,
cosimo:646,PRON,573,575,us,
cosimo:646,ENT,599,604,Piero,
cosimo:646,PRON,622,625,his,
cosimo:646,ENT,626,632,father,
cosimo:646,PRON,645,648,his,
cosimo:646,ENT,649,652,son,
cosimo:646,ENT,708,714,design,
cosimo:646,ENT,731,737,Cosimo,
cosimo:646,PRON,748,751,him,
cosimo:646,PRON,793,796,him,
cosimo:646,ENT,851,860,disciples,
cosimo:646,PRON,866,868,he,
cosimo:646,PRON,882,885,him,
cosimo:646,ENT,899,902,son,
cosimo:646,PRON,920,923,him,
cosimo:646,ENT,944,947,man,
cosimo:646,PRON,987,989,he,
cosimo:646,ENT,1046,1052,youths,
cosimo:646,ENT,1075,1081,Cosimo,
cosimo:646,PRON,1114,1116,He,
cosimo:646,PRON,1148,1150,he,
cosimo:646,PRON,1253,1255,it,
cosimo:646,PRON,1307,1310,him,
cosimo:646,PRON,1333,1336,his,
cosimo:646,PRON,1378,1381,his,
cosimo:646,PRON,1391,1393,he,
cosimo:646,PRON,1442,1444,he,
cosimo:646,PRON,1488,1495,himself,
cosimo:646,PRON,1501,1504,his,
cosimo:646,PRON,1523,1526,his,
cosimo:646,PRON,1551,1554,his,
cosimo:646,ENT,1555,1562,castles,
cosimo:646,ENT,1597,1603,Cosimo,
cosimo:646,PRON,1605,1608,his,
cosimo:646,PRON,1629,1632,him,
cosimo:646,PRON,1651,1653,he,
cosimo:646,PRON,1674,1677,him,
cosimo:646,PRON,1681,1684,his,
cosimo:646,ENT,1685,1690,works,
cosimo:646,PRON,1708,1710,he,
cosimo:646,PRON,1718,1721,him,
cosimo:646,ENT,1775,1780,Piero,
cosimo:646,PRON,1843,1850,himself,
craftsmen:653,ENT,23,27,Rome,
craftsmen:653,PRON,67,70,his,
craftsmen:653,ENT,83,115,Girolamo Siciolante of Sermoneta,
craftsmen:653,ENT,106,115,Sermoneta,
craftsmen:653,ENT,166,170,Life,
craftsmen:653,ENT,174,189,Perino del Vaga,
craftsmen:653,ENT,197,205,disciple,
craftsmen:653,PRON,206,208,he,
craftsmen:653,PRON,224,227,him,
craftsmen:653,ENT,235,240,works,
craftsmen:653,ENT,244,250,Castel,
craftsmen:653,ENT,244,260,Castel S. Angelo,
craftsmen:653,ENT,251,260,S. Angelo,
craftsmen:653,PRON,294,296,it,
craftsmen:653,PRON,344,347,his,
craftsmen:653,ENT,397,402,works,
craftsmen:653,ENT,420,428,Girolamo,
craftsmen:653,PRON,441,448,himself,
craftsmen:653,ENT,457,468,altar-piece,
craftsmen:653,PRON,498,501,him,
craftsmen:653,ENT,505,509,oils,
craftsmen:653,ENT,552,557,Badia,
craftsmen:653,ENT,552,571,Badia of S. Stefano,
craftsmen:653,ENT,561,571,S. Stefano,
craftsmen:653,PRON,578,581,his,
craftsmen:653,ENT,589,593,town,
craftsmen:653,ENT,589,606,town of Sermoneta,
craftsmen:653,ENT,636,644,S. Peter,
craftsmen:653,ENT,646,656,S. Stephen,
craftsmen:653,ENT,662,681,S. John the Baptist,
craftsmen:653,ENT,674,681,Baptist,
craftsmen:653,ENT,696,704,children,
craftsmen:653,ENT,717,728,altar-piece,
craftsmen:653,PRON,755,757,he,
craftsmen:653,ENT,774,780,Church,
craftsmen:653,ENT,774,804,"Church of S. Apostolo, in Rome",
craftsmen:653,ENT,784,795,S. Apostolo,
craftsmen:653,ENT,800,804,Rome,
craftsmen:653,ENT,809,820,altar-piece,
craftsmen:653,ENT,824,828,oils,
craftsmen:653,ENT,838,849,Dead Christ,
craftsmen:653,ENT,843,849,Christ,
craftsmen:653,ENT,851,859,Our Lady,
craftsmen:653,ENT,861,868,S. John,
craftsmen:653,ENT,874,883,Magdalene,
craftsmen:653,ENT,895,902,figures,
craftsmen:653,ENT,945,949,Pace,
craftsmen:653,ENT,958,964,marble,
craftsmen:653,ENT,965,971,chapel,
craftsmen:653,ENT,977,985,Cardinal,
craftsmen:653,ENT,977,991,Cardinal Cesis,
craftsmen:653,PRON,1018,1020,he,
craftsmen:653,ENT,1041,1049,vaulting,
craftsmen:653,ENT,1055,1066,stucco-work,
craftsmen:653,ENT,1072,1079,pattern,
craftsmen:653,ENT,1088,1096,pictures,
craftsmen:653,ENT,1119,1143,Nativity of Jesus Christ,
craftsmen:653,ENT,1131,1143,Jesus Christ,
craftsmen:653,ENT,1149,1170,Adoration of the Magi,
craftsmen:653,ENT,1166,1170,Magi,
craftsmen:653,ENT,1176,1193,Flight into Egypt,
craftsmen:653,ENT,1188,1193,Egypt,
craftsmen:653,ENT,1203,1228,Massacre of the Innocents,
craftsmen:653,ENT,1246,1250,work,
craftsmen:653,ENT,1341,1347,church,
craftsmen:653,ENT,1374,1382,Girolamo,
craftsmen:653,ENT,1394,1405,altar-piece,
craftsmen:653,ENT,1446,1456,high-altar,
craftsmen:653,ENT,1465,1489,Nativity of Jesus Christ,
craftsmen:653,ENT,1477,1489,Jesus Christ,
craftsmen:653,ENT,1537,1548,altar-piece,
craftsmen:653,ENT,1552,1556,oils,
craftsmen:653,ENT,1566,1574,Sacristy,
craftsmen:653,ENT,1582,1588,Church,
craftsmen:653,ENT,1582,1610,Church of S. Spirito in Rome,
craftsmen:653,ENT,1592,1602,S. Spirito,
craftsmen:653,ENT,1606,1610,Rome,
craftsmen:653,ENT,1616,1660,Descent of the Holy Spirit upon the Apostles,
craftsmen:653,ENT,1631,1642,Holy Spirit,
craftsmen:653,ENT,1652,1660,Apostles,
craftsmen:653,ENT,1716,1722,Church,
craftsmen:653,ENT,1716,1776,"Church of S. Maria de Anima, the church of the German colony",
craftsmen:653,ENT,1726,1743,S. Maria de Anima,
craftsmen:653,ENT,1749,1755,church,
craftsmen:653,ENT,1763,1776,German colony,
craftsmen:653,PRON,1778,1780,he,
craftsmen:653,ENT,1792,1798,fresco,
craftsmen:653,ENT,1816,1822,Chapel,
craftsmen:653,ENT,1816,1843,Chapel of the Fugger family,
craftsmen:653,ENT,1830,1843,Fugger family,
craftsmen:653,ENT,1856,1869,Giulio Romano,
craftsmen:653,ENT,1888,1899,altar-piece,
craftsmen:653,ENT,1913,1919,scenes,
craftsmen:653,ENT,1935,1943,Our Lady,
craftsmen:653,ENT,1953,1963,high-altar,
craftsmen:653,ENT,1967,1976,S. Jacopo,
craftsmen:653,ENT,1967,1992,S. Jacopo degli Spagnuoli,
craftsmen:653,PRON,1993,1995,he,
craftsmen:653,ENT,2015,2026,altar-piece,
craftsmen:653,ENT,2044,2050,Christ,
craftsmen:653,ENT,2058,2063,Cross,
craftsmen:653,PRON,2074,2080,Angels,
craftsmen:653,ENT,2092,2100,Our Lady,
craftsmen:653,ENT,2106,2113,S. John,
craftsmen:653,ENT,2142,2150,pictures,
craftsmen:653,PRON,2182,2184,it,
craftsmen:653,ENT,2233,2253,S. James the Apostle,
craftsmen:653,ENT,2246,2253,Apostle,
craftsmen:653,ENT,2258,2279,S. Alfonso the Bishop,
craftsmen:653,ENT,2273,2279,Bishop,
craftsmen:653,ENT,2290,2298,pictures,
craftsmen:653,PRON,2299,2301,it,
craftsmen:653,PRON,2318,2320,he,
dal_ponte:691,ENT,79,86,proverb,
dal_ponte:691,PRON,160,162,it,
dal_ponte:691,PRON,181,183,he,
dal_ponte:691,PRON,225,228,his,
dal_ponte:691,PRON,286,288,it,
dal_ponte:691,PRON,525,528,her,
dal_ponte:691,ENT,569,572,men,
dal_ponte:691,ENT,615,618,men,
dal_ponte:691,PRON,687,689,it,
dal_ponte:691,ENT,804,849,Giovanni da Santo Stefano a Ponte of Florence,
dal_ponte:691,ENT,816,837,Santo Stefano a Ponte,
dal_ponte:691,ENT,841,849,Florence,
dal_ponte:691,PRON,877,880,his,
dal_ponte:691,PRON,931,934,his,
dal_ponte:691,PRON,967,970,his,
dal_ponte:691,PRON,1015,1018,him,
dal_ponte:691,PRON,1046,1048,he,
dal_ponte:691,PRON,1105,1108,his,
dal_ponte:691,PRON,1122,1125,his,
dal_ponte:691,ENT,1138,1141,man,
dal_ponte:691,ENT,1159,1167,disciple,
dal_ponte:691,ENT,1171,1192,Buonamico Buffalmacco,
dal_ponte:691,PRON,1211,1214,him,
dal_ponte:691,ENT,1292,1299,painter,
dal_ponte:691,ENT,1361,1369,disciple,
dal_ponte:691,ENT,1373,1384,Buffalmacco,
dal_ponte:691,PRON,1386,1388,he,
dal_ponte:691,PRON,1394,1397,his,
dal_ponte:691,ENT,1404,1409,works,
dal_ponte:691,ENT,1417,1423,Chapel,
dal_ponte:691,ENT,1417,1461,"Chapel of S. Lorenzo, in the Pieve of Empoli",
dal_ponte:691,ENT,1427,1437,S. Lorenzo,
dal_ponte:691,ENT,1446,1461,Pieve of Empoli,
dal_ponte:691,ENT,1481,1487,fresco,
dal_ponte:691,ENT,1493,1499,scenes,
dal_ponte:691,ENT,1520,1525,Saint,
dal_ponte:691,PRON,1556,1558,he,
dal_ponte:691,ENT,1575,1581,Arezzo,
dal_ponte:691,PRON,1673,1675,he,
dal_ponte:691,ENT,1688,1710,Assumption of Our Lady,
dal_ponte:691,ENT,1702,1710,Our Lady,
dal_ponte:691,ENT,1716,1722,chapel,
dal_ponte:691,ENT,1726,1738,S. Francesco,
dal_ponte:691,ENT,1799,1803,city,
dal_ponte:691,ENT,1822,1830,painters,
dal_ponte:691,PRON,1832,1834,he,
dal_ponte:691,ENT,1847,1853,Chapel,
dal_ponte:691,ENT,1847,1880,Chapel of S. Onofrio in the Pieve,
dal_ponte:691,ENT,1857,1867,S. Onofrio,
dal_ponte:691,ENT,1875,1880,Pieve,
dal_ponte:691,ENT,1895,1905,S. Antonio,
dal_ponte:691,PRON,1939,1941,He,
dal_ponte:691,ENT,1963,1971,pictures,
dal_ponte:691,ENT,1984,1996, S. Giustina,
dal_ponte:691,ENT,2004,2013,S. Matteo,
dal_ponte:691,ENT,2054,2058,Duke,
dal_ponte:691,ENT,2054,2065,Duke Cosimo,
dal_ponte:691,ENT,2090,2098,churches,
dal_ponte:691,ENT,2117,2131,fortifications,
dal_ponte:691,ENT,2141,2145,city,
dal_ponte:691,ENT,2216,2222,bridge,
dal_ponte:691,ENT,2239,2250,S. Giustina,
dal_ponte:691,ENT,2281,2285,city,
dal_ponte:691,ENT,2319,2331,Appius Cæcus,
dal_ponte:691,PRON,2343,2346,his,
dal_ponte:691,ENT,2347,2350,son,
dal_ponte:691,ENT,2360,2366,marble,
dal_ponte:691,ENT,2403,2410,epitaph,
dal_ponte:691,ENT,2462,2472,guardaroba,
dal_ponte:691,ENT,2489,2493,Lord,
dal_ponte:691,ENT,2489,2498,Lord Duke,
dal_ponte:691,ENT,2494,2498,Duke,
dal_ponte:691,ENT,2500,2508,Giovanni,
dal_ponte:691,ENT,2529,2537,Florence,
dal_ponte:691,ENT,2600,2604,arch,
dal_ponte:691,ENT,2612,2630,Ponte a S. Trinita,
dal_ponte:691,ENT,2620,2630,S. Trinita,
dal_ponte:691,ENT,2645,2652,figures,
dal_ponte:691,ENT,2679,2685,chapel,
dal_ponte:691,ENT,2701,2705,pier,
dal_ponte:691,ENT,2723,2738,S. Michelagnolo,
dal_ponte:691,ENT,2772,2776,wall,
dal_ponte:691,ENT,2784,2790,chapel,
dal_ponte:691,ENT,2810,2816,bridge,
dal_ponte:691,ENT,2842,2864,flood of the year 1557,
dal_ponte:691,PRON,2866,2868,It,
dal_ponte:691,ENT,2891,2896,works,
dal_ponte:691,PRON,2977,2979,he,
dal_ponte:691,ENT,3007,3025,Giovanni dal Ponte,
dal_ponte:691,ENT,3030,3034,Pisa,
dal_ponte:691,PRON,3060,3062,he,
dal_ponte:691,ENT,3073,3079,scenes,
dal_ponte:691,ENT,3083,3089,fresco,
dal_ponte:691,ENT,3101,3106,altar,
dal_ponte:691,ENT,3124,3130,chapel,
dal_ponte:691,ENT,3134,3142,S. Paolo,
dal_ponte:691,ENT,3134,3156,S. Paolo a Ripa d'Arno,
dal_ponte:691,ENT,3145,3156,Ripa d'Arno,
del_sarto:660,ENT,34,40,Andrea,
del_sarto:660,ENT,90,97,painter,
del_sarto:660,ENT,185,193,cloister,
del_sarto:660,ENT,201,209,pictures,
del_sarto:660,ENT,213,224,chiaroscuro,
del_sarto:660,ENT,244,250,fresco,
del_sarto:660,ENT,256,264,terretta,
del_sarto:660,ENT,283,289,scenes,
del_sarto:660,ENT,299,326,life of S. John the Baptist,
del_sarto:660,ENT,307,326,S. John the Baptist,
del_sarto:657,PRON,131,133,we,
del_sarto:657,PRON,419,422,his,
del_sarto:657,PRON,455,458,his,
del_sarto:657,PRON,480,482,he,
del_sarto:657,PRON,582,585,his,
del_sarto:657,PRON,641,644,him,
del_sarto:657,PRON,699,702,his,
del_sarto:657,PRON,736,739,him,
del_sarto:657,PRON,783,785,he,
del_sarto:657,PRON,898,901,His,
del_sarto:657,PRON,928,933,their,
del_sarto:657,PRON,1055,1058,his,
del_sarto:657,PRON,1174,1179,their,
del_sarto:657,PRON,1204,1207,his,
del_sarto:657,PRON,1249,1252,his,
del_sarto:657,PRON,1293,1296,his,
del_sarto:657,PRON,1325,1327,he,
del_sarto:657,PRON,1434,1437,his,
del_sarto:657,PRON,1460,1462,he,
del_sarto:657,PRON,1544,1546,he,
del_sarto:657,PRON,1567,1570,his,
galasso_ferrarese:671,ENT,26,31,Cosmè,
galasso_ferrarese:671,ENT,41,48,Ferrara,
galasso_ferrarese:671,ENT,50,55,Works,
galasso_ferrarese:671,ENT,94,100,chapel,
galasso_ferrarese:671,ENT,104,115,S. Domenico,
galasso_ferrarese:671,ENT,128,132,city,
galasso_ferrarese:671,ENT,142,155,folding-doors,
galasso_ferrarese:671,ENT,171,176,organ,
galasso_ferrarese:671,ENT,184,189,Duomo,
galasso_ferrarese:670,PRON,201,203,it,
galasso_ferrarese:670,PRON,298,301,his,
galasso_ferrarese:670,PRON,322,325,her,
galasso_ferrarese:670,PRON,340,342,he,
galasso_ferrarese:670,PRON,369,372,his,
galasso_ferrarese:670,PRON,409,416,himself,
galasso_ferrarese:670,PRON,445,448,him,
galasso_ferrarese:670,PRON,636,638,he,
galasso_ferrarese:670,PRON,769,776,himself,
galasso_ferrarese:670,PRON,795,797,he,
galasso_ferrarese:670,PRON,873,875,he,
galasso_ferrarese:670,PRON,1005,1007,he,
galasso_ferrarese:670,PRON,1019,1022,his,
galasso_ferrarese:670,PRON,1200,1202,he,
galasso_ferrarese:670,PRON,1245,1247,he,
galasso_ferrarese:670,PRON,1295,1298,his,
galasso_ferrarese:670,PRON,1329,1332,his,
galasso_ferrarese:670,PRON,1352,1354,he,
galasso_ferrarese:670,PRON,1571,1574,his,
galasso_ferrarese:670,PRON,1611,1613,he,
galasso_ferrarese:670,PRON,1657,1660,His,
galasso_ferrarese:670,PRON,1698,1700,he,
galasso_ferrarese:670,PRON,1708,1715,himself,
galasso_ferrarese:670,PRON,1763,1766,his,
galasso_ferrarese:670,PRON,1808,1811,his,
galasso_ferrarese:670,PRON,1833,1835,it,
galasso_ferrarese:670,PRON,1837,1839,It,
galasso_ferrarese:670,PRON,1870,1873,his,
galasso_ferrarese:670,PRON,1902,1905,his,
galasso_ferrarese:670,PRON,1921,1924,his,
galasso_ferrarese:670,PRON,1953,1955,he,
galasso_ferrarese:670,PRON,1961,1963,it,
gallo_young:672,ENT,31,38,Princes,
gallo_young:672,PRON,91,95,them,
gallo_young:672,PRON,129,133,they,
gallo_young:672,PRON,159,164,their,
gallo_young:672,ENT,187,194,Fortune,
gallo_young:672,ENT,281,286,world,
gallo_young:672,ENT,352,355,men,
gallo_young:672,ENT,366,371,works,
gallo_young:672,ENT,386,393,Princes,
gallo_young:672,ENT,404,411,persons,
gallo_young:672,ENT,462,471,buildings,
gallo_young:672,ENT,476,484,edifices,
gallo_young:672,ENT,523,526,men,
gallo_young:672,PRON,550,554,them,
gallo_young:672,PRON,594,598,they,
gallo_young:672,ENT,677,683,Romans,
gallo_young:672,PRON,710,714,they,
gallo_young:672,PRON,745,750,their,
gallo_young:672,PRON,789,791,us,
gallo_young:672,ENT,814,823,buildings,
gallo_young:672,ENT,854,859,Roman,
gallo_young:672,PRON,872,874,we,
gallo_young:672,ENT,933,941,patterns,
gallo_young:672,ENT,1029,1036,Princes,
gallo_young:672,ENT,1066,1076,Florentine,
gallo_young:672,ENT,1066,1108,"Florentine architect, Antonio da San Gallo",
gallo_young:672,ENT,1077,1086,architect,
gallo_young:672,ENT,1142,1146,Life,
gallo_young:672,PRON,1150,1153,him,
gallo_young:672,ENT,1182,1189,Antonio,
gallo_young:672,ENT,1205,1208,son,
gallo_young:672,ENT,1212,1260,"Bartolommeo Picconi of Mugello, a maker of casks",
gallo_young:672,ENT,1235,1242,Mugello,
gallo_young:672,ENT,1246,1251,maker,
gallo_young:672,ENT,1255,1260,casks,
gallo_young:672,ENT,1291,1297,joiner,
gallo_young:672,ENT,1300,1305,craft,
gallo_young:672,PRON,1309,1312,his,
gallo_young:672,PRON,1335,1338,his,
gallo_young:672,ENT,1339,1344,uncle,
gallo_young:672,ENT,1346,1367,Giuliano da San Gallo,
gallo_young:672,ENT,1358,1367,San Gallo,
gallo_young:672,ENT,1384,1388,Rome,
gallo_young:672,ENT,1409,1416,brother,
gallo_young:672,ENT,1417,1424,Antonio,
gallo_young:672,PRON,1426,1428,he,
gallo_young:672,ENT,1442,1450,Florence,
gallo_young:672,ENT,1460,1464,city,
gallo_young:672,PRON,1492,1499,himself,
gallo_young:672,ENT,1522,1525,art,
gallo_young:672,ENT,1529,1541,architecture,
gallo_young:672,ENT,1593,1596,art,
gallo_young:672,PRON,1598,1600,he,
gallo_young:672,PRON,1641,1643,we,
gallo_young:672,ENT,1681,1686,Italy,
gallo_young:672,ENT,1710,1715,works,
gallo_young:672,PRON,1728,1731,him,
gallo_young:672,PRON,1759,1761,it,
gallo_young:672,ENT,1776,1784,Giuliano,
gallo_young:672,PRON,1816,1818,he,
gallo_young:672,ENT,1837,1842,stone,
gallo_young:672,ENT,1856,1864,Florence,
gallo_young:672,ENT,1870,1877,Antonio,
gallo_young:672,ENT,1906,1915,architect,
gallo_young:672,ENT,1906,1942,architect Bramante of Castel Durante,
gallo_young:672,ENT,1928,1942,Castel Durante,
gallo_young:672,ENT,1977,1983,master,
gallo_young:672,PRON,2089,2092,his,
gallo_young:672,ENT,2093,2100,designs,
giocondo:678,ENT,3,10,writers,
giocondo:678,ENT,14,21,history,
giocondo:678,PRON,114,115,I,
giocondo:678,PRON,159,163,they,
giocondo:678,PRON,242,246,them,
giocondo:678,PRON,277,279,it,
giocondo:678,ENT,309,312,man,
giocondo:678,PRON,317,319,he,
giocondo:678,PRON,409,412,his,
giocondo:678,PRON,443,446,his,
giocondo:678,PRON,459,461,it,
giocondo:678,ENT,499,503,Time,
giocondo:678,ENT,527,533,father,
giocondo:678,PRON,641,642,I,
giocondo:678,ENT,680,685,Lives,
giocondo:678,ENT,693,701,Painters,
giocondo:678,ENT,712,721,Craftsmen,
giocondo:678,PRON,723,724,I,
giocondo:678,PRON,767,768,I,
giocondo:678,ENT,800,822,Fra Giocondo of Verona,
giocondo:678,ENT,816,822,Verona,
giocondo:678,ENT,826,829,man,
giocondo:678,ENT,850,856,master,
giocondo:678,PRON,890,891,I,
giocondo:678,ENT,940,946,record,
giocondo:678,PRON,950,953,him,
giocondo:678,PRON,960,961,I,
giocondo:678,ENT,1002,1011,craftsmen,
giocondo:678,ENT,1031,1036,world,
giocondo:678,PRON,1049,1052,him,
giocondo:678,ENT,1082,1089,masters,
giocondo:678,ENT,1093,1099,Verona,
giocondo:678,PRON,1159,1160,I,
giocondo:678,PRON,1167,1171,them,
giocondo:678,ENT,1186,1191,image,
giocondo:678,ENT,1245,1254,portraits,
giocondo:678,PRON,1258,1262,them,
giocondo:678,PRON,1268,1269,I,
giocondo:678,PRON,1310,1312,me,
giocondo:678,PRON,1330,1334,them,
giocondo:678,PRON,1354,1357,his,
giocondo:678,PRON,1382,1385,its,
giocondo:678,PRON,1442,1443,I,
giocondo:678,ENT,1465,1477,Fra Giocondo,
giocondo:678,ENT,1484,1487,man,
giocondo:678,PRON,1494,1496,he,
giocondo:678,ENT,1509,1514,habit,
giocondo:678,ENT,1518,1528,S. Dominic,
giocondo:678,ENT,1552,1564,Fra Giocondo,
giocondo:678,ENT,1570,1591,Fra Giovanni Giocondo,
giocondo:678,ENT,1606,1614,Giovanni,
giocondo:678,PRON,1628,1631,him,
giocondo:678,PRON,1632,1633,I,
giocondo:678,PRON,1648,1649,I,
giocondo:678,PRON,1663,1665,he,
giocondo:678,ENT,1684,1696,Fra Giocondo,
giocondo:678,PRON,1723,1726,his,
giocondo:678,ENT,1757,1764,letters,
giocondo:678,PRON,1770,1772,he,
giocondo:678,ENT,1798,1809,philosopher,
giocondo:678,ENT,1814,1824,theologian,
giocondo:678,ENT,1848,1853,Greek,
giocondo:678,ENT,1854,1861,scholar,
giocondo:678,ENT,1905,1913,learning,
giocondo:678,ENT,1918,1925,letters,
giocondo:678,ENT,1959,1964,Italy,
giocondo:678,PRON,1980,1982,he,
giocondo:678,ENT,2004,2013,architect,
giocondo:678,ENT,2023,2026,man,
giocondo:678,ENT,2067,2070,art,
giocondo:678,ENT,2075,2083,Scaliger,
giocondo:678,PRON,2095,2098,his,
giocondo:678,ENT,2099,2106,epistle,
giocondo:678,ENT,2115,2121,Cardan,
giocondo:678,ENT,2139,2143,Budé,
giocondo:678,PRON,2147,2150,his,
giocondo:678,ENT,2151,2155,book,
giocondo:678,ENT,2156,2166,"""De Asse,""",
giocondo:678,PRON,2196,2198,he,
giocondo:678,ENT,2212,2220,Pandects,
giotto:685,ENT,31,40,craftsmen,
giotto:685,ENT,44,52,painting,
giotto:685,ENT,60,66,nature,
giotto:685,ENT,94,99,model,
giotto:685,PRON,145,148,her,
giotto:685,PRON,225,228,her,
giotto:685,PRON,249,251,my,
giotto:685,ENT,263,290,"Giotto, painter of Florence",
giotto:685,ENT,271,278,painter,
giotto:685,ENT,282,290,Florence,
giotto:685,ENT,339,348,paintings,
giotto:685,PRON,353,358,their,
giotto:685,ENT,412,417,ruins,
giotto:685,ENT,425,429,wars,
giotto:685,PRON,431,433,he,
giotto:685,ENT,467,476,craftsmen,
giotto:685,ENT,493,496,God,
giotto:685,ENT,510,513,art,
giotto:685,PRON,562,564,it,
giotto:685,PRON,615,617,it,
giotto:685,ENT,635,642,miracle,
giotto:685,ENT,711,717,Giotto,
giotto:685,ENT,749,755,design,
giotto:685,ENT,769,772,men,
giotto:685,PRON,860,863,him,
giotto:685,ENT,884,887,man,
giotto:685,ENT,904,911,village,
giotto:685,ENT,904,954,"village of Vespignano, in the district of Florence",
giotto:685,ENT,934,954,district of Florence,
giotto:685,ENT,989,993,city,
giotto:685,ENT,1020,1026,father,
giotto:685,ENT,1033,1082,"Bondone, a tiller of the soil and a simple fellow",
giotto:685,ENT,1044,1050,tiller,
giotto:685,ENT,1058,1062,soil,
giotto:685,ENT,1076,1082,fellow,
giotto:685,PRON,1084,1086,He,
giotto:685,ENT,1104,1107,son,
giotto:685,PRON,1117,1119,he,
giotto:685,ENT,1134,1140,Giotto,
giotto:685,PRON,1149,1152,him,
giotto:685,PRON,1168,1171,his,
giotto:685,PRON,1192,1194,he,
giotto:685,PRON,1223,1225,he,
giotto:685,PRON,1240,1243,his,
giotto:685,PRON,1360,1363,him,
giotto:685,PRON,1381,1384,his,
giotto:685,ENT,1385,1391,father,
giotto:685,PRON,1423,1426,him,
giotto:685,ENT,1440,1447,village,
giotto:685,ENT,1464,1471,Bondone,
giotto:685,ENT,1482,1487,sheep,
giotto:685,PRON,1493,1496,his,
giotto:685,PRON,1509,1511,he,
giotto:685,PRON,1583,1587,them,
giotto:685,ENT,1634,1637,art,
giotto:685,ENT,1641,1647,design,
giotto:685,ENT,1674,1680,stones,
giotto:685,ENT,1689,1695,ground,
giotto:685,ENT,1703,1707,sand,
giotto:685,ENT,1724,1730,nature,
giotto:685,PRON,1768,1771,his,
giotto:685,ENT,1789,1796,Cimabue,
giotto:685,ENT,1820,1828,business,
giotto:685,PRON,1832,1835,his,
giotto:685,ENT,1845,1853,Florence,
giotto:685,ENT,1857,1867,Vespignano,
giotto:685,ENT,1875,1881,Giotto,
giotto:685,PRON,1889,1892,his,
giotto:685,ENT,1893,1898,sheep,
giotto:685,ENT,1927,1932,sheep,
giotto:685,ENT,1938,1944,nature,
giotto:685,ENT,1968,1972,slab,
giotto:685,ENT,1981,1986,stone,
giotto:685,ENT,2079,2085,nature,
giotto:685,ENT,2094,2101,Cimabue,
giotto:685,PRON,2140,2143,him,
giotto:685,PRON,2147,2149,he,
giotto:685,PRON,2176,2179,him,
giotto:685,ENT,2185,2190,child,
giotto:685,PRON,2206,2209,his,
giotto:685,ENT,2210,2216,father,
giotto:685,PRON,2229,2231,he,
granacci:693,ENT,44,53,craftsmen,
granacci:693,ENT,170,173,men,
granacci:693,ENT,179,185,Heaven,
granacci:693,PRON,253,256,our,
granacci:693,ENT,257,261,arts,
granacci:693,ENT,380,385,works,
granacci:693,ENT,389,392,men,
granacci:693,PRON,454,456,we,
granacci:693,PRON,500,503,our,
granacci:693,ENT,511,529,Francesco Granacci,
granacci:693,PRON,539,541,we,
granacci:693,ENT,603,633,Magnificent Lorenzo de' Medici,
granacci:693,ENT,627,633,Medici,
granacci:693,PRON,646,649,his,
granacci:693,ENT,650,656,garden,
granacci:693,PRON,665,667,it,
granacci:693,ENT,696,699,boy,
granacci:693,PRON,703,705,he,
granacci:693,ENT,731,743,Michelagnolo,
granacci:693,ENT,768,774,fruits,
granacci:693,PRON,775,777,he,
granacci:693,PRON,817,819,he,
granacci:693,PRON,837,844,himself,
granacci:693,PRON,855,858,his,
granacci:693,ENT,975,988,Michelagnolo ,
granacci:693,PRON,1012,1015,him,
granacci:693,PRON,1030,1033,his,
granacci:693,ENT,1040,1047,friends,
granacci:693,PRON,1075,1078,him,
granacci:693,PRON,1112,1114,he,
granacci:693,PRON,1151,1154,his,
granacci:693,ENT,1155,1160,works,
granacci:693,PRON,1182,1184,he,
granacci:693,ENT,1193,1196,art,
granacci:693,ENT,1221,1229,Granacci,
granacci:693,PRON,1243,1247,they,
granacci:693,ENT,1284,1292,workshop,
granacci:693,ENT,1296,1316,Domenico Ghirlandajo,
granacci:693,ENT,1339,1347,Granacci,
granacci:693,PRON,1357,1359,he,
granacci:693,ENT,1387,1398,Ghirlandajo,
granacci:693,ENT,1401,1410,young men,
granacci:693,ENT,1407,1410,men,
granacci:693,ENT,1426,1437,draughtsman,
granacci:693,ENT,1485,1494,distemper,
granacci:693,ENT,1505,1510,David,
granacci:693,ENT,1515,1536,Benedetto Ghirlandajo,
granacci:693,ENT,1542,1550,brothers,
granacci:693,ENT,1554,1562,Domenico,
granacci:693,ENT,1578,1589,altar-piece,
granacci:693,ENT,1597,1607,high-altar,
granacci:693,ENT,1611,1627,S. Maria Novella,
granacci:693,ENT,1686,1694,Domenico,
granacci:693,ENT,1704,1708,work,
granacci:693,ENT,1709,1717,Granacci,
granacci:693,PRON,1757,1759,he,
granacci:693,ENT,1796,1807,altar-piece,
granacci:693,ENT,1813,1821,pictures,
granacci:693,ENT,1838,1844,houses,
granacci:693,ENT,1848,1856,citizens,
granacci:693,PRON,1903,1905,he,
granacci:693,PRON,1934,1941,himself,
granacci:693,ENT,1965,1975,ceremonies,
granacci:693,ENT,2003,2007,city,
granacci:693,ENT,2019,2028,festivals,
granacci:693,ENT,2036,2044,Carnival,
granacci:693,PRON,2046,2048,he,
granacci:693,ENT,2080,2110,Magnificent Lorenzo de' Medici,
granacci:693,ENT,2104,2110,Medici,
granacci:693,ENT,2127,2132,works,
granacci:693,ENT,2160,2170,masquerade,
granacci:693,ENT,2203,2217,Paulus Emilius,
granacci:693,ENT,2251,2258,victory,
granacci:693,PRON,2264,2266,he,
granacci:693,ENT,2287,2302,foreign nations,
granacci:693,ENT,2295,2302,nations,
granacci:693,ENT,2312,2322,masquerade,
granacci:693,ENT,2357,2367,inventions,
granacci:693,ENT,2369,2377,Granacci,
granacci:693,PRON,2388,2395,himself,
granacci:693,PRON,2414,2416,he,
granacci:693,ENT,2428,2431,lad,
granacci:693,PRON,2438,2440,he,
granacci:693,PRON,2474,2475,I,
granacci:693,ENT,2512,2530,Lorenzo de' Medici,
granacci:693,ENT,2524,2530,Medici,
granacci:693,PRON,2535,2536,I,
granacci:693,ENT,2579,2587,inventor,
granacci:693,ENT,2597,2608,masquerades,
granacci:693,ENT,2667,2675,Florence,
granacci:693,ENT,2677,2682,Canti,
granacci:693,PRON,2693,2695,it,
jacopo:700,ENT,0,23,"Jacopo, called L'Indaco",
jacopo:700,ENT,47,71,Domenico del Ghirlandajo,
jacopo:700,ENT,91,95,Rome,
jacopo:700,ENT,101,113,Pinturicchio,
jacopo:700,PRON,144,147,his,
jacopo:700,PRON,166,168,he,
jacopo:700,ENT,187,192,works,
jacopo:700,PRON,209,211,he,
jacopo:700,ENT,300,305,works,
jacopo:700,PRON,318,321,his,
jacopo:700,ENT,375,381,fellow,
jacopo:700,ENT,388,393,lover,
jacopo:700,PRON,409,411,he,
jacopo:700,PRON,455,459,work,
jacopo:700,PRON,470,472,he,
jacopo:700,PRON,488,490,it,
jacopo:700,PRON,499,501,he,
jacopo:700,ENT,615,624,Christian,
jacopo:700,PRON,626,628,He,
jacopo:700,ENT,658,670,Michelagnolo,
jacopo:700,ENT,686,695,craftsman,
jacopo:700,PRON,786,789,his,
jacopo:700,PRON,802,805,his,
jacopo:700,PRON,871,874,him,
jacopo:700,PRON,909,912,his,
jacopo:700,ENT,930,933,man,
jacopo:700,ENT,935,941,Jacopo,
jacopo:700,ENT,967,971,Rome,
jacopo:700,PRON,997,999,he,
jacopo:700,ENT,1020,1024,Rome,
jacopo:700,PRON,1050,1053,his,
jacopo:700,ENT,1068,1072,city,
jacopo:700,ENT,1087,1093,chapel,
jacopo:700,ENT,1130,1151,Church of S. Agostino,
jacopo:700,ENT,1159,1163,door,
jacopo:700,ENT,1171,1177,façade,
jacopo:700,ENT,1186,1194,vaulting,
jacopo:700,ENT,1204,1210,chapel,
jacopo:700,ENT,1219,1227,Apostles,
jacopo:700,ENT,1219,1253,Apostles receiving the Holy Spirit,
jacopo:700,ENT,1242,1253,Holy Spirit,
jacopo:700,ENT,1285,1292,stories,
jacopo:700,ENT,1296,1302,Christ,
jacopo:700,PRON,1310,1313,His,
jacopo:700,ENT,1321,1326,Peter,
jacopo:700,ENT,1331,1337,Andrew,
jacopo:700,ENT,1349,1353,nets,
jacopo:700,ENT,1376,1408,Feast of Simon and the Magdalene,
jacopo:700,ENT,1385,1390,Simon,
jacopo:700,ENT,1399,1408,Magdalene,
jacopo:700,ENT,1430,1437,ceiling,
jacopo:700,ENT,1441,1447,planks,
jacopo:700,ENT,1452,1457,beams,
jacopo:700,ENT,1491,1496,panel,
jacopo:700,ENT,1509,1515,chapel,
jacopo:700,PRON,1523,1525,he,
jacopo:700,ENT,1537,1540,oil,
jacopo:700,ENT,1547,1558,Dead Christ,
jacopo:700,ENT,1552,1558,Christ,
jacopo:700,ENT,1621,1636,Trinità at Rome,
jacopo:700,ENT,1632,1636,Rome,
jacopo:700,PRON,1675,1678,his,
jacopo:700,ENT,1693,1716,Coronation of Our  Lady,
jacopo:700,ENT,1707,1716,Our  Lady,
lba:705,ENT,82,91,craftsmen,
lba:705,PRON,112,114,it,
lba:705,ENT,136,145,sculptors,
lba:705,ENT,147,155,painters,
lba:705,ENT,161,171,architects,
lba:705,PRON,177,179,it,
lba:705,ENT,200,209,invention,
lba:705,ENT,221,226,works,
lba:705,ENT,264,267,man,
lba:705,PRON,303,306,his,
lba:705,PRON,339,341,he,
lba:705,PRON,442,444,it,
lba:705,ENT,471,476,sites,
lba:705,ENT,481,490,buildings,
lba:705,ENT,667,670,man,
lba:705,ENT,697,701,work,
lba:705,PRON,702,704,he,
lba:705,PRON,764,771,himself,
lba:705,ENT,846,849,man,
lba:705,PRON,1018,1021,our,
lba:705,ENT,1041,1044,art,
lba:705,ENT,1096,1103,science,
lba:705,ENT,1158,1167,craftsmen,
lba:705,ENT,1241,1246,works,
lba:705,PRON,1300,1304,they,
lba:705,PRON,1308,1310,it,
lba:705,ENT,1372,1392,Leon Batista Alberti,
lba:705,ENT,1418,1423,Latin,
lba:705,ENT,1424,1430,tongue,
lba:705,ENT,1462,1474,architecture,
lba:705,ENT,1479,1490,perspective,
lba:705,ENT,1499,1507,painting,
lba:705,PRON,1521,1524,him,
lba:705,ENT,1525,1530,books,
lba:705,ENT,1591,1600,craftsmen,
lba:705,PRON,1682,1685,his,
lba:705,ENT,1690,1697,country,
lba:705,PRON,1712,1715,him,
lba:705,PRON,1728,1730,it,
lba:705,PRON,1778,1781,his,
lba:705,ENT,1800,1804,pens,
lba:705,ENT,1809,1815,speech,
lba:705,PRON,1836,1838,he,
lba:705,PRON,1895,1898,him,
lba:705,ENT,1902,1906,work,
lba:705,PRON,1949,1951,it,
lba:705,ENT,2049,2054,books,
lba:705,PRON,2095,2099,they,
lba:705,PRON,2163,2165,It,
lba:705,ENT,2200,2212,Leon Batista,
lba:705,PRON,2231,2234,his,
lba:705,PRON,2265,2268,his,
lba:705,ENT,2281,2284,man,
lba:705,ENT,2294,2302,Florence,
lba:705,ENT,2315,2342,noble family of the Alberti,
lba:705,ENT,2321,2327,family,
lba:705,PRON,2353,2355,we,
lba:705,PRON,2394,2401,himself,
lba:705,ENT,2423,2432,geography,
lba:705,ENT,2456,2467,antiquities,
lba:705,ENT,2481,2488,writing,
lba:705,PRON,2499,2501,he,
lba:705,ENT,2539,2546,working,
michelagnolo:712,ENT,87,93,Giotto,
michelagnolo:712,PRON,101,104,his,
michelagnolo:712,ENT,105,114,followers,
michelagnolo:712,ENT,131,136,world,
michelagnolo:712,PRON,255,260,their,
michelagnolo:712,PRON,327,332,their,
michelagnolo:712,ENT,353,359,Nature,
michelagnolo:712,PRON,457,461,they,
michelagnolo:712,ENT,522,537,Ruler of Heaven,
michelagnolo:712,ENT,531,537,Heaven,
michelagnolo:712,PRON,541,544,His,
michelagnolo:712,PRON,561,564,His,
michelagnolo:712,ENT,577,582,earth,
michelagnolo:712,ENT,679,684,fruit,
michelagnolo:712,ENT,727,730,men,
michelagnolo:712,PRON,826,828,us,
michelagnolo:712,ENT,883,888,earth,
michelagnolo:712,ENT,891,897,spirit,
michelagnolo:712,ENT,930,933,art,
michelagnolo:712,ENT,944,954,profession,
michelagnolo:712,PRON,986,993,himself,
michelagnolo:712,ENT,1055,1058,art,
michelagnolo:712,ENT,1062,1068,design,
michelagnolo:712,ENT,1153,1158,works,
michelagnolo:712,ENT,1162,1170,painting,
michelagnolo:712,PRON,1181,1183,it,
michelagnolo:712,ENT,1220,1229,sculpture,
michelagnolo:712,ENT,1242,1254,architecture,
michelagnolo:712,PRON,1255,1257,it,
michelagnolo:712,ENT,1280,1291,habitations,
michelagnolo:712,ENT,1377,1386,ornaments,
michelagnolo:712,PRON,1388,1390,He,
michelagnolo:712,PRON,1426,1429,him,
michelagnolo:712,ENT,1450,1460,philosophy,
michelagnolo:712,ENT,1474,1482,ornament,
michelagnolo:712,ENT,1492,1497,poesy,
michelagnolo:712,ENT,1519,1524,world,
michelagnolo:712,PRON,1538,1541,him,
michelagnolo:712,PRON,1553,1556,him,
michelagnolo:712,PRON,1560,1563,its,
michelagnolo:712,ENT,1594,1599,works,
michelagnolo:712,ENT,1653,1662,creatures,
michelagnolo:712,PRON,1673,1675,he,
michelagnolo:712,PRON,1698,1700,us,
michelagnolo:712,PRON,1748,1750,He,
michelagnolo:712,ENT,1805,1809,arts,
michelagnolo:712,ENT,1834,1843,sculpture,
michelagnolo:712,ENT,1852,1864,architecture,
michelagnolo:712,ENT,1869,1875,Tuscan,
michelagnolo:712,ENT,1876,1886,intellects,
michelagnolo:712,ENT,2054,2059,Italy,
michelagnolo:712,PRON,2061,2063,He,
michelagnolo:712,PRON,2078,2081,him,
michelagnolo:712,ENT,2082,2090,Florence,
michelagnolo:712,ENT,2119,2125,cities,
michelagnolo:712,PRON,2131,2134,his,
michelagnolo:712,ENT,2135,2142,country,
michelagnolo:712,PRON,2181,2186,their,
michelagnolo:712,PRON,2209,2212,her,
michelagnolo:712,PRON,2221,2224,her,
michelagnolo:712,PRON,2254,2257,her,
michelagnolo:712,ENT,2258,2266,citizens,
michelagnolo:712,ENT,2268,2291,MICHELAGNOLO BUONARROTI,
michelagnolo:712,ENT,2293,2308,THE HOLY FAMILY,
michelagnolo:712,ENT,2297,2308,HOLY FAMILY,
michelagnolo:712,ENT,2376,2379,son,
michelagnolo:712,ENT,2394,2403,Casentino,
michelagnolo:712,ENT,2483,2489,mother,
michelagnolo:712,ENT,2494,2629,"Lodovico di Leonardo Buonarroti Simoni, a descendant, so it is said, of the most noble and most ancient family of the Counts of Canossa",
michelagnolo:712,ENT,2536,2546,descendant,
michelagnolo:712,PRON,2551,2553,it,
michelagnolo:712,ENT,2598,2604,family,
michelagnolo:712,ENT,2612,2629,Counts of Canossa,
michelagnolo:712,ENT,2639,2647,Lodovico,
michelagnolo:712,PRON,2649,2650,I,
michelagnolo:712,ENT,2677,2684,Podestà,
michelagnolo:712,ENT,2692,2700,township,
michelagnolo:712,ENT,2692,2710,township of Chiusi,
michelagnolo:712,ENT,2715,2722,Caprese,
michelagnolo:712,ENT,2733,2751,Sasso della Vernia,
michelagnolo:712,ENT,2759,2769,S. Francis,
michelagnolo:712,ENT,2783,2791,Stigmata,
michelagnolo:712,ENT,2800,2817,Diocese of Arezzo,
michelagnolo:712,ENT,2811,2817,Arezzo,
michelagnolo:712,ENT,2821,2824,son,
michelagnolo:712,PRON,2914,2916,he,
michelagnolo:712,ENT,2931,2943,Michelagnolo,
michelagnolo:712,PRON,3004,3006,it,
michelagnolo:712,PRON,3024,3026,he,
michelagnolo:712,PRON,3050,3052,he,
michelagnolo:712,ENT,3147,3154,figures,
michelagnolo:712,PRON,3158,3161,his,
michelagnolo:712,ENT,3162,3171,horoscope,
michelagnolo:712,PRON,3173,3175,he,
michelagnolo:712,ENT,3187,3194,Mercury,
michelagnolo:712,ENT,3199,3204,Venus,
michelagnolo:712,ENT,3219,3224,house,
michelagnolo:712,ENT,3228,3235,Jupiter,
michelagnolo:712,ENT,3283,3286,art,
michelagnolo:712,PRON,3290,3293,his,
michelagnolo:712,PRON,3307,3310,his,
michelagnolo:712,ENT,3351,3356,works,
michelagnolo:712,PRON,3400,3403,his,
michelagnolo:712,ENT,3414,3421,Podestà,
michelagnolo:712,ENT,3423,3431,Lodovico,
michelagnolo:712,ENT,3444,3452,Florence,
michelagnolo:712,ENT,3472,3479,village,
michelagnolo:712,ENT,3472,3493,village of Settignano,
michelagnolo:712,ENT,3533,3537,city,
michelagnolo:712,PRON,3545,3547,he,
michelagnolo:712,ENT,3554,3558,farm,
michelagnolo:712,PRON,3580,3583,his,
michelagnolo:712,ENT,3584,3595,forefathers,
michelagnolo:712,ENT,3622,3627,stone,
michelagnolo:712,ENT,3647,3655,quarries,
michelagnolo:712,ENT,3659,3669,grey-stone,
michelagnolo:712,ENT,3707,3720,stone-cutters,
michelagnolo:712,ENT,3725,3734,sculptors,
michelagnolo:712,ENT,3774,3779,place,
michelagnolo:713,PRON,527,538,three years,
nanni:718,ENT,0,24,Nanni d'Antonio di Banco,
nanni:718,ENT,8,24,Antonio di Banco,
nanni:718,ENT,122,131,sculpture,
nanni:718,PRON,133,135,he,
nanni:718,PRON,183,185,it,
nanni:718,PRON,250,253,his,
nanni:718,PRON,281,283,it,
nanni:718,ENT,333,336,men,
nanni:718,PRON,347,349,he,
nanni:718,PRON,358,365,himself,
nanni:718,ENT,380,383,art,
nanni:718,ENT,438,441,art,
nanni:718,ENT,455,458,man,
nanni:718,ENT,479,488,disciples,
nanni:718,ENT,492,498,Donato,
nanni:718,PRON,509,510,I,
nanni:718,PRON,523,526,him,
nanni:718,PRON,534,537,his,
nanni:718,ENT,538,544,master,
nanni:718,PRON,553,555,he,
nanni:718,PRON,573,576,him,
nanni:718,ENT,602,608,person,
nanni:718,PRON,644,647,his,
nanni:718,PRON,670,673,his,
nanni:718,ENT,674,678,hand,
nanni:718,ENT,683,691,Florence,
nanni:718,ENT,697,706,S. Philip,
nanni:718,ENT,710,716,marble,
nanni:718,ENT,731,739,pilaster,
nanni:718,ENT,762,769,Oratory,
nanni:718,ENT,762,785,Oratory of Orsanmichele,
nanni:718,ENT,773,785,Orsanmichele,
nanni:718,ENT,792,796,work,
nanni:718,ENT,822,828,Donato,
nanni:718,ENT,836,841,Guild,
nanni:718,ENT,836,855,Guild of Shoemakers,
nanni:718,ENT,845,855,Shoemakers,
nanni:718,PRON,873,877,they,
nanni:718,PRON,899,902,him,
nanni:718,PRON,920,922,it,
nanni:718,ENT,964,970,Donato,
nanni:718,ENT,975,980,Nanni,
nanni:718,PRON,1000,1002,he,
nanni:718,PRON,1049,1052,him,
nanni:718,ENT,1129,1135,statue,
nanni:718,PRON,1160,1163,its,
nanni:718,PRON,1205,1208,his,
nanni:718,ENT,1219,1225,Donato,
nanni:718,PRON,1280,1282,it,
nanni:718,ENT,1315,1321,Donato,
nanni:718,ENT,1327,1334,Consuls,
nanni:718,ENT,1343,1348,Guild,
nanni:718,PRON,1371,1373,he,
nanni:718,PRON,1406,1408,it,
nanni:718,PRON,1422,1424,it,
nanni:718,PRON,1446,1448,it,
nanni:718,PRON,1454,1457,his,
nanni:718,ENT,1462,1466,work,
nanni:718,PRON,1498,1503,their,
nanni:718,ENT,1516,1522,Donato,
nanni:718,ENT,1563,1568,Nanni,
nanni:718,PRON,1573,1576,his,
nanni:718,PRON,1589,1591,he,
nanni:718,ENT,1661,1668,Consuls,
nanni:718,ENT,1696,1702,Donato,
nanni:718,PRON,1714,1718,thou,
nanni:718,ENT,1751,1755,work,
nanni:718,PRON,1782,1784,it,
nanni:718,PRON,1840,1842,us,
nanni:718,PRON,1851,1854,him,
nanni:718,PRON,1864,1866,it,
nanni:718,PRON,1872,1874,he,
nanni:718,PRON,1875,1882,himself,
nanni:718,PRON,1896,1900,thou,
nanni:718,PRON,1918,1920,we,
nanni:718,PRON,1940,1943,thy,
nanni:718,PRON,1950,1952,it,
palma:722,ENT,72,77,works,
palma:722,ENT,106,109,man,
palma:722,ENT,117,120,art,
palma:722,PRON,126,128,he,
palma:722,ENT,180,189,craftsmen,
palma:722,ENT,194,200,judges,
palma:722,PRON,228,232,them,
palma:722,PRON,273,277,them,
palma:722,ENT,304,313,craftsman,
palma:722,PRON,327,331,them,
palma:722,PRON,341,343,we,
palma:722,ENT,372,380,Venetian,
palma:722,ENT,372,386,Venetian Palma,
palma:722,ENT,393,399,master,
palma:722,ENT,461,469,painting,
palma:722,PRON,527,534,himself,
palma:722,ENT,566,569,art,
palma:722,PRON,600,603,his,
palma:722,PRON,646,650,them,
palma:722,PRON,660,664,they,
palma:722,ENT,727,730,men,
palma:722,ENT,732,760,JACOPO PALMA (PALMA VECCHIO),
palma:722,ENT,762,772,S. BARBARA,
palma:722,ENT,825,830,Palma,
palma:722,PRON,860,863,his,
palma:722,ENT,930,936,design,
palma:722,PRON,942,944,he,
palma:722,ENT,1017,1023,Venice,
palma:722,ENT,1034,1042,pictures,
palma:722,ENT,1047,1056,portraits,
palma:722,PRON,1062,1064,he,
palma:722,ENT,1086,1095,gentlemen,
palma:722,PRON,1110,1111,I,
palma:722,PRON,1142,1143,I,
palma:722,PRON,1163,1169,myself,
palma:722,ENT,1198,1210,altar-pieces,
palma:722,ENT,1220,1224,head,
palma:722,PRON,1230,1231,I,
palma:722,ENT,1285,1297,altar-pieces,
palma:722,ENT,1313,1349,"S. Antonio, near Castello, at Venice",
palma:722,ENT,1330,1338,Castello,
palma:722,ENT,1343,1349,Venice,
palma:722,ENT,1367,1390,"S. Elena, near the Lido",
palma:722,ENT,1386,1390,Lido,
palma:722,ENT,1402,1407,Monks,
palma:722,ENT,1402,1424,Monks of Monte Oliveto,
palma:722,ENT,1411,1424,Monte Oliveto,
palma:722,ENT,1478,1488,high-altar,
palma:722,ENT,1497,1503,church,
palma:722,PRON,1505,1507,he,
palma:722,ENT,1520,1524,Magi,
palma:722,ENT,1555,1561,Christ,
palma:722,ENT,1585,1592,figures,
palma:722,ENT,1615,1620,heads,
palma:722,ENT,1661,1670,draperies,
palma:722,ENT,1730,1737,figures,
parri:729,ENT,0,45,"Parri di Spinello Spinelli, painter of Arezzo",
parri:729,ENT,9,26,Spinello Spinelli,
parri:729,ENT,28,35,painter,
parri:729,ENT,39,45,Arezzo,
parri:729,ENT,85,88,art,
parri:729,PRON,94,97,his,
parri:729,ENT,102,108,father,
parri:729,ENT,125,133,Florence,
parri:729,ENT,151,157,Messer,
parri:729,ENT,151,182,Messer Leonardo Bruni of Arezzo,
parri:729,ENT,176,182,Arezzo,
parri:729,ENT,204,220,Lorenzo Ghiberti,
parri:729,PRON,226,229,his,
parri:729,ENT,230,236,school,
parri:729,ENT,249,258,young men,
parri:729,ENT,255,258,men,
parri:729,PRON,279,282,his,
parri:729,ENT,283,293,discipline,
parri:729,ENT,309,314,doors,
parri:729,ENT,318,329,S. Giovanni,
parri:729,PRON,352,357,their,
parri:729,PRON,366,368,he,
parri:729,ENT,396,403,figures,
parri:729,PRON,437,439,it,
parri:729,ENT,481,485,work,
parri:729,ENT,516,536,Masolino da Panicale,
parri:729,ENT,528,536,Panicale,
parri:729,PRON,561,564,his,
parri:729,ENT,575,582,drawing,
parri:729,PRON,584,586,he,
parri:729,PRON,632,634,he,
parri:729,ENT,673,696,Don Lorenzo degli Angel,
parri:729,ENT,699,704,Parri,
parri:729,PRON,710,713,his,
parri:729,ENT,714,721,figures,
parri:729,ENT,760,767,painter,
parri:729,PRON,789,792,him,
parri:729,PRON,822,826,them,
parri:729,PRON,867,869,he,
parri:729,PRON,875,879,them,
parri:729,PRON,928,932,them,
parri:729,PRON,951,955,they,
parri:729,PRON,1069,1071,it,
parri:729,PRON,1084,1087,him,
parri:729,PRON,1096,1098,he,
parri:729,PRON,1148,1151,his,
parri:729,ENT,1152,1161,draperies,
parri:729,PRON,1234,1237,his,
parri:729,ENT,1238,1245,figures,
parri:729,PRON,1270,1272,He,
parri:729,ENT,1295,1304,distemper,
parri:729,ENT,1323,1329,fresco,
parri:729,ENT,1371,1377,fresco,
parri:729,ENT,1478,1489,chiaroscuro,
parri:729,ENT,1526,1532,Giotto,
parri:729,ENT,1547,1558,old masters,
parri:729,ENT,1569,1574,Parri,
parri:729,PRON,1623,1626,his,
parri:729,PRON,1654,1658,them,
parri:729,PRON,1686,1688,it,
parri:729,PRON,1701,1704,him,
parri:729,PRON,1710,1714,they,
parri:729,ENT,1862,1870,painting,
parri:729,PRON,1871,1873,he,
parri:729,PRON,1898,1901,his,
parri:729,ENT,1902,1907,works,
parri:729,ENT,1932,1940,pictures,
parri:729,ENT,1944,1950,fresco,
parri:729,PRON,2006,2008,he,
parri:729,ENT,2064,2069,brush,
parri:729,PRON,2089,2092,his,
parri:729,ENT,2093,2098,works,
parri:729,PRON,2161,2164,his,
parri:729,ENT,2189,2194,Parri,
parri:729,PRON,2237,2240,his,
parri:729,ENT,2241,2248,country,
parri:729,PRON,2266,2269,his,
parri:729,ENT,2270,2279,relatives,
parri:729,ENT,2304,2310,father,
parri:729,ENT,2315,2321,Arezzo,
parri:729,ENT,2343,2348,works,
parri:729,PRON,2355,2357,it,
parri:729,PRON,2390,2392,he,
raffaello:735,ENT,25,31,Heaven,
raffaello:735,PRON,48,54,itself,
raffaello:735,ENT,84,90,person,
raffaello:735,PRON,114,117,its,
raffaello:735,ENT,118,127,treasures,
raffaello:735,PRON,172,174,it,
raffaello:735,ENT,208,219,individuals,
raffaello:735,ENT,309,335,Raffaello Sanzio da Urbino,
raffaello:735,ENT,329,335,Urbino,
raffaello:735,ENT,453,456,men,
raffaello:735,PRON,472,477,their,
raffaello:735,ENT,525,534,adornment,
raffaello:735,PRON,577,581,they,
raffaello:735,ENT,645,651,person,
raffaello:735,PRON,663,668,their,
raffaello:735,ENT,669,676,actions,
raffaello:735,PRON,678,681,Him,
raffaello:735,ENT,682,688,nature,
raffaello:735,ENT,706,711,world,
raffaello:735,ENT,733,736,art,
raffaello:735,ENT,758,781,Michelagnolo Buonarroti,
raffaello:735,PRON,783,786,she,
raffaello:735,ENT,815,824,Raffaello,
raffaello:735,ENT,829,832,art,
raffaello:735,ENT,901,910,craftsmen,
raffaello:735,ENT,959,965,nature,
raffaello:735,PRON,1031,1035,them,
raffaello:735,PRON,1071,1073,it,
raffaello:735,PRON,1118,1122,them,
raffaello:735,ENT,1202,1209,virtues,
raffaello:735,ENT,1220,1223,men,
raffaello:735,PRON,1266,1268,he,
raffaello:735,ENT,1307,1316,Raffaello,
raffaello:735,PRON,1547,1549,it,
raffaello:735,PRON,1575,1577,it,
raffaello:735,ENT,1679,1698,Raffaello da Urbino,
raffaello:735,ENT,1692,1698,Urbino,
raffaello:735,ENT,1715,1718,men,
raffaello:735,PRON,1728,1730,it,
raffaello:735,PRON,1751,1753,it,
raffaello:735,ENT,1755,1766,mortal gods,
raffaello:735,ENT,1762,1766,gods,
raffaello:735,ENT,1807,1812,works,
raffaello:735,ENT,1854,1862,archives,
raffaello:735,ENT,1887,1892,world,
raffaello:735,PRON,1896,1900,ours,
raffaello:735,ENT,1936,1942,Heaven,
raffaello:735,ENT,1989,1996,RAPHAEL,
raffaello:735,ENT,1998,2007,S. GEORGE,
raffaello:735,ENT,2016,2022,DRAGON,
raffaello:735,ENT,2079,2088,Raffaello,
raffaello:735,ENT,2101,2136,"Urbino, a very famous city in Italy",
raffaello:735,ENT,2123,2127,city,
raffaello:735,ENT,2131,2136,Italy,
raffaello:735,ENT,2207,2213,father,
raffaello:735,ENT,2207,2272,"father named Giovanni de' Santi, a painter of no great excellence",
raffaello:735,ENT,2242,2249,painter,
raffaello:735,ENT,2284,2287,man,
raffaello:735,PRON,2330,2333,his,
raffaello:735,ENT,2334,2342,children,
raffaello:735,PRON,2367,2369,he,
raffaello:735,PRON,2370,2377,himself,
raffaello:735,PRON,2425,2428,him,
raffaello:735,PRON,2432,2435,his,
raffaello:735,ENT,2436,2443,boyhood,
raffaello:735,ENT,2455,2463,Giovanni,
raffaello:735,PRON,2483,2485,it,
raffaello:735,ENT,2497,2504,infants,
raffaello:735,ENT,2527,2533,nurses,
raffaello:735,ENT,2562,2569,mothers,
raffaello:735,ENT,2585,2594,Raffaello,
raffaello:735,PRON,2627,2629,he,
raffaello:735,ENT,2648,2655,baptism,
raffaello:735,PRON,2662,2664,he,
raffaello:735,PRON,2684,2687,his,
raffaello:735,ENT,2693,2698,child,
raffaello:735,PRON,2703,2705,he,
raffaello:735,PRON,2750,2753,his,
raffaello:735,ENT,2758,2764,mother,
raffaello:735,PRON,2778,2781,his,
raffaello:735,PRON,2795,2797,he,
raffaello:735,PRON,2810,2813,his,
raffaello:735,ENT,2838,2843,house,
raffaello:735,PRON,2847,2850,his,
raffaello:735,ENT,2851,2858,parents,
raffaello:735,ENT,2929,2935,houses,
raffaello:735,ENT,2939,2947,peasants,
raffaello:735,ENT,2958,2964,people,
ridolfo:741,PRON,9,11,it,
ridolfo:741,ENT,77,80,man,
ridolfo:741,ENT,98,102,arts,
ridolfo:741,PRON,119,122,his,
ridolfo:741,PRON,174,177,him,
ridolfo:741,PRON,192,194,it,
ridolfo:741,ENT,227,235,brothers,
ridolfo:741,ENT,240,244,sons,
ridolfo:741,ENT,248,255,persons,
ridolfo:741,PRON,290,295,their,
ridolfo:741,ENT,296,303,kinsmen,
ridolfo:741,PRON,350,355,their,
ridolfo:741,PRON,387,388,I,
ridolfo:741,PRON,425,429,them,
ridolfo:741,ENT,623,626,men,
ridolfo:741,ENT,760,765,David,
ridolfo:741,ENT,770,791,Benedetto Ghirlandajo,
ridolfo:741,PRON,851,856,their,
ridolfo:741,ENT,857,864,brother,
ridolfo:741,ENT,865,873,Domenico,
ridolfo:741,ENT,892,895,art,
ridolfo:741,ENT,965,972,brother,
ridolfo:741,ENT,1000,1004,path,
ridolfo:741,ENT,1013,1017,work,
ridolfo:741,ENT,1032,1041,Benedetto,
ridolfo:741,ENT,1069,1077,wanderer,
ridolfo:741,PRON,1104,1107,his,
ridolfo:741,ENT,1143,1149,mosaic,
ridolfo:741,ENT,1151,1156,David,
ridolfo:741,ENT,1187,1195,Domenico,
ridolfo:741,PRON,1211,1214,him,
ridolfo:741,PRON,1261,1264,his,
ridolfo:741,PRON,1288,1291,his,
ridolfo:741,ENT,1292,1299,brother,
ridolfo:741,ENT,1300,1309,Benedetto,
ridolfo:741,ENT,1316,1321,works,
ridolfo:741,ENT,1331,1339,Domenico,
ridolfo:741,ENT,1363,1374,altar-piece,
ridolfo:741,ENT,1382,1392,high-altar,
ridolfo:741,ENT,1396,1412,S. Maria Novella,
ridolfo:741,ENT,1465,1470,choir,
ridolfo:741,ENT,1481,1487,pupils,
ridolfo:741,ENT,1500,1508,Domenico,
ridolfo:741,ENT,1522,1530,predella,
ridolfo:741,ENT,1541,1548,figures,
ridolfo:741,ENT,1550,1559,Niccolaio,
ridolfo:741,ENT,1601,1607,figure,
ridolfo:741,ENT,1611,1621,S. Stephen,
ridolfo:741,ENT,1625,1636,disputation,
ridolfo:741,ENT,1645,1650,Saint,
ridolfo:741,ENT,1658,1676,Francesco Granacci,
ridolfo:741,ENT,1678,1697,Jacopo  del Tedesco,
ridolfo:741,ENT,1703,1712,Benedetto,
ridolfo:741,ENT,1726,1733,figures,
ridolfo:741,ENT,1737,1772,"S. Antonino, Archbishop of Florence",
ridolfo:741,ENT,1750,1760,Archbishop,
ridolfo:741,ENT,1764,1772,Florence,
ridolfo:741,ENT,1778,1799,S. Catharine of Siena,
ridolfo:741,ENT,1794,1799,Siena,
ridolfo:741,PRON,1805,1809,they,
ridolfo:741,ENT,1821,1834,altar-picture,
ridolfo:741,ENT,1838,1846,S. Lucia,
ridolfo:741,ENT,1889,1894,friar,
ridolfo:741,ENT,1919,1925,church,
ridolfo:741,ENT,1942,1951,paintings,
ridolfo:741,ENT,1956,1964,pictures,
ridolfo:741,ENT,1981,1987,houses,
ridolfo:741,ENT,1999,2010,individuals,
ridolfo:741,ENT,2047,2053,France,
ridolfo:741,PRON,2061,2063,he,
ridolfo:741,ENT,2096,2105,Benedetto,
ridolfo:741,ENT,2118,2126,Florence,
ridolfo:741,PRON,2166,2168,he,
ridolfo:741,ENT,2192,2196,King,
ridolfo:741,PRON,2213,2216,his,
sanmichele:748,ENT,0,19,Michele San Michele,
sanmichele:748,ENT,37,43,Verona,
sanmichele:748,ENT,98,110,architecture,
sanmichele:748,PRON,116,119,his,
sanmichele:748,ENT,120,126,father,
sanmichele:748,ENT,127,135,Giovanni,
sanmichele:748,PRON,140,143,his,
sanmichele:748,ENT,144,149,uncle,
sanmichele:748,ENT,150,161,Bartolommeo,
sanmichele:748,ENT,178,188,architects,
sanmichele:748,ENT,226,230,Rome,
sanmichele:748,PRON,240,243,his,
sanmichele:748,ENT,244,250,father,
sanmichele:748,ENT,259,267,brothers,
sanmichele:748,ENT,303,309,Jacopo,
sanmichele:748,PRON,319,326,himself,
sanmichele:748,ENT,330,337,letters,
sanmichele:748,ENT,360,371,Don Camillo,
sanmichele:748,ENT,379,392,Canon Regular,
sanmichele:748,ENT,397,404,General,
sanmichele:748,ENT,413,418,Order,
sanmichele:748,PRON,442,444,he,
sanmichele:748,ENT,476,488,architecture,
sanmichele:748,PRON,598,600,he,
sanmichele:748,ENT,640,644,Rome,
sanmichele:748,ENT,669,675,places,
sanmichele:748,ENT,697,701,city,
sanmichele:748,PRON,712,715,his,
sanmichele:748,ENT,726,732,people,
sanmichele:748,ENT,736,743,Orvieto,
sanmichele:748,PRON,753,756,him,
sanmichele:748,ENT,760,769,architect,
sanmichele:748,ENT,790,796,temple,
sanmichele:748,PRON,835,837,he,
sanmichele:748,PRON,854,859,their,
sanmichele:748,PRON,869,871,he,
sanmichele:748,ENT,908,922,Monte Fiascone,
sanmichele:748,ENT,927,936,architect,
sanmichele:748,ENT,945,953,building,
sanmichele:748,ENT,973,979,temple,
sanmichele:748,PRON,1043,1045,he,
sanmichele:748,ENT,1097,1103,cities,
sanmichele:748,ENT,1123,1135,architecture,
sanmichele:748,ENT,1149,1154,works,
sanmichele:748,ENT,1173,1177,tomb,
sanmichele:748,ENT,1198,1204,design,
sanmichele:748,ENT,1208,1219,S. Domenico,
sanmichele:748,ENT,1208,1237,S. Domenico at Monte Fiascone,
sanmichele:748,ENT,1223,1237,Monte Fiascone,
sanmichele:748,PRON,1238,1239,I,
sanmichele:748,ENT,1253,1293,"one of the Petrucci, a nobleman of Siena",
sanmichele:748,ENT,1264,1272,Petrucci,
sanmichele:748,ENT,1276,1284,nobleman,
sanmichele:748,ENT,1288,1293,Siena,
sanmichele:748,PRON,1374,1376,he,
sanmichele:748,ENT,1404,1411,designs,
sanmichele:748,ENT,1424,1430,houses,
sanmichele:748,PRON,1457,1464,himself,
sanmichele:748,ENT,1476,1479,man,
sanmichele:748,ENT,1524,1528,Pope,
sanmichele:748,ENT,1524,1540,Pope Clement VII,
sanmichele:748,PRON,1567,1570,him,
sanmichele:748,ENT,1611,1615,wars,
sanmichele:748,ENT,1663,1668,Italy,
sanmichele:748,PRON,1675,1678,him,
sanmichele:748,ENT,1697,1717,Antonio da San Gallo,
sanmichele:748,ENT,1708,1717,San Gallo,
sanmichele:748,ENT,1840,1846,States,
sanmichele:748,ENT,1840,1860,States of the Church,
sanmichele:748,ENT,1854,1860,Church,
sanmichele:748,ENT,1920,1934,fortifications,
sanmichele:748,ENT,1950,1955,Parma,
sanmichele:748,ENT,1960,1968,Piacenza,
sanmichele:748,ENT,1988,1994,cities,
sanmichele:748,ENT,2018,2022,Rome,
sanmichele:748,ENT,2070,2073,war,
sanmichele:748,ENT,2110,2117,Michele,
sanmichele:748,ENT,2122,2129,Antonio,
sanmichele:748,ENT,2162,2169,Pontiff,
sanmichele:748,ENT,2185,2192,Michele,
sanmichele:748,PRON,2237,2240,his,
sanmichele:748,ENT,2248,2252,city,
sanmichele:748,PRON,2257,2260,his,
sanmichele:748,ENT,2261,2270,relatives,
sanmichele:748,ENT,2275,2282,friends,
sanmichele:748,ENT,2309,2319,fortresses,
sanmichele:748,ENT,2327,2336,Venetians,
sanmichele:751,PRON,101,104,his,
tiziano:754,ENT,0,7,Tiziano,
tiziano:754,ENT,20,116,"Cadore, a little township situated on the Piave and five miles distant from the pass of the Alps",
tiziano:754,ENT,37,45,township,
tiziano:754,ENT,62,67,Piave,
tiziano:754,ENT,100,104,pass,
tiziano:754,ENT,112,116,Alps,
tiziano:754,ENT,145,166,family of the Vecelli,
tiziano:754,PRON,272,274,he,
tiziano:754,ENT,287,293,Venice,
tiziano:754,ENT,313,318,uncle,
tiziano:754,ENT,332,339,citizen,
tiziano:754,ENT,361,364,boy,
tiziano:754,ENT,388,396,painting,
tiziano:754,PRON,405,408,him,
tiziano:754,ENT,414,473,"Gian Bellini, an excellent painter very famous at that time",
tiziano:754,ENT,441,448,painter,
tiziano:754,PRON,502,505,his,
tiziano:754,ENT,531,537,design,
tiziano:754,PRON,539,541,he,
tiziano:754,PRON,559,561,he,
tiziano:754,ENT,577,583,nature,
tiziano:754,ENT,656,659,art,
tiziano:754,ENT,663,671,painting,
tiziano:754,ENT,696,708,Gian Bellini,
tiziano:754,ENT,723,731,painters,
tiziano:754,ENT,740,747,country,
tiziano:754,ENT,786,791,works,
tiziano:754,ENT,859,863,work,
tiziano:754,PRON,864,868,they,
tiziano:754,ENT,923,930,Tiziano,
tiziano:754,ENT,1008,1033,Giorgione da Castelfranco,
tiziano:754,ENT,1021,1033,Castelfranco,
tiziano:754,PRON,1096,1099,his,
tiziano:754,ENT,1100,1108,pictures,
tiziano:754,PRON,1181,1183,he,
tiziano:754,PRON,1196,1203,himself,
tiziano:754,PRON,1254,1258,them,
tiziano:754,PRON,1270,1272,he,
tiziano:754,PRON,1306,1310,them,
tiziano:754,PRON,1411,1413,it,
tiziano:754,ENT,1490,1495,paper,
tiziano:754,ENT,1551,1557,design,
tiziano:754,PRON,1563,1565,he,
tiziano:754,PRON,1592,1595,him,
tiziano:754,PRON,1621,1624,his,
tiziano:754,ENT,1625,1637,compositions,
tiziano:754,PRON,1654,1657,his,
tiziano:754,ENT,1658,1668,inventions,
tiziano:754,PRON,1675,1677,it,
tiziano:754,PRON,1696,1698,he,
tiziano:754,ENT,1729,1734,paper,
tiziano:754,ENT,1871,1881,inventions,
tiziano:754,PRON,1899,1906,herself,
tiziano:754,PRON,1911,1914,she,
tiziano:754,PRON,1947,1950,her,
tiziano:754,PRON,2053,2055,it,
tiziano:754,ENT,2095,2099,nude,
tiziano:754,PRON,2104,2107,you,
tiziano:754,PRON,2127,2129,it,
tiziano:754,PRON,2142,2145,you,
tiziano:754,PRON,2168,2170,it,
tiziano:754,ENT,2208,2213,paper,
tiziano:754,PRON,2241,2244,you,
tiziano:754,PRON,2252,2255,you,
tiziano:754,ENT,2263,2270,persons,
tiziano:754,PRON,2325,2328,you,
tiziano:754,PRON,2372,2375,you,
tiziano:754,PRON,2430,2434,your,
tiziano:754,ENT,2524,2527,art,
tiziano:754,PRON,2529,2532,you,
tiziano:754,ENT,2626,2634,pictures,
tiziano:754,PRON,2658,2660,we,
tiziano:754,ENT,2714,2719,paper,
tiziano:754,PRON,2721,2724,you,
tiziano:754,ENT,2819,2825,nature,
tiziano:754,PRON,2879,2882,you,
tiziano:754,ENT,2956,2962,fruits,
tiziano:754,PRON,2966,2970,your,
tiziano:754,ENT,2984,2990,design,
tiziano:754,ENT,3046,3054,Venetian,
tiziano:754,ENT,3055,3063,painters,
tiziano:754,ENT,3065,3074,Giorgione,
tiziano:754,ENT,3076,3081,Palma,
tiziano:754,ENT,3083,3092,Pordenone,
tiziano:754,ENT,3120,3124,Rome,
tiziano:754,ENT,3138,3143,works,
verrocchio:620,ENT,0,35,"Andrea del Verrocchio, a Florentine",
verrocchio:620,ENT,25,35,Florentine,
verrocchio:620,PRON,44,47,his,
verrocchio:620,ENT,54,63,goldsmith,
verrocchio:620,ENT,67,73,master,
verrocchio:620,ENT,77,88,perspective,
verrocchio:620,ENT,92,100,sculptor,
verrocchio:620,ENT,104,115,wood-carver,
verrocchio:620,ENT,119,126,painter,
verrocchio:620,ENT,134,142,musician,
verrocchio:620,ENT,155,159,arts,
verrocchio:620,ENT,163,172,sculpture,
verrocchio:620,ENT,177,185,painting,
verrocchio:620,PRON,206,208,he,
verrocchio:620,PRON,267,269,it,
verrocchio:620,PRON,343,345,he,
verrocchio:620,PRON,383,385,he,
verrocchio:620,PRON,435,438,him,
verrocchio:620,PRON,440,442,he,
verrocchio:620,ENT,483,487,arts,
verrocchio:620,ENT,603,606,man,
verrocchio:620,ENT,682,688,Andrea,
verrocchio:620,PRON,698,700,it,
verrocchio:620,ENT,737,746,craftsman,
verrocchio:620,ENT,799,806,masters,
verrocchio:620,ENT,814,818,arts,
verrocchio:620,PRON,823,826,his,
verrocchio:620,PRON,844,851,himself,
verrocchio:620,ENT,859,867,sciences,
verrocchio:620,ENT,885,893,geometry,
verrocchio:620,PRON,924,926,he,
verrocchio:620,ENT,953,962,goldsmith,
verrocchio:620,ENT,965,968,art,
verrocchio:620,ENT,982,989,buttons,
verrocchio:620,ENT,994,999,copes,
verrocchio:620,ENT,1014,1022,S. Maria,
verrocchio:620,ENT,1014,1044,S. Maria del Fiore at Florence,
verrocchio:620,ENT,1036,1044,Florence,
verrocchio:620,PRON,1050,1052,he,
verrocchio:620,ENT,1070,1075,works,
verrocchio:620,ENT,1092,1095,cup,
verrocchio:620,ENT,1105,1112,animals,
verrocchio:620,ENT,1114,1121,foliage,
verrocchio:620,ENT,1172,1182,goldsmiths,
verrocchio:620,ENT,1188,1193,casts,
verrocchio:620,PRON,1207,1209,it,
verrocchio:620,ENT,1268,1273,dance,
verrocchio:620,ENT,1284,1292,children,
verrocchio:620,PRON,1318,1321,his,
verrocchio:620,ENT,1342,1347,works,
verrocchio:620,PRON,1349,1351,he,
verrocchio:620,ENT,1376,1381,Guild,
verrocchio:620,ENT,1376,1394,Guild of Merchants,
verrocchio:620,ENT,1385,1394,Merchants,
verrocchio:620,ENT,1407,1413,scenes,
verrocchio:620,ENT,1417,1423,silver,
verrocchio:620,ENT,1444,1449,altar,
verrocchio:620,ENT,1453,1464,S. Giovanni,
verrocchio:620,PRON,1503,1505,he,
verrocchio:620,ENT,1578,1582,Rome,
verrocchio:620,ENT,1618,1626,Apostles,
verrocchio:620,ENT,1656,1661,altar,
verrocchio:620,ENT,1669,1675,Chapel,
verrocchio:620,ENT,1669,1687,Chapel of the Pope,
verrocchio:620,ENT,1683,1687,Pope,
verrocchio:620,ENT,1714,1719,works,
verrocchio:620,ENT,1723,1729,silver,
verrocchio:620,ENT,1765,1769,Pope,
verrocchio:620,ENT,1765,1776,Pope Sixtus,
verrocchio:620,ENT,1786,1792,Andrea,
verrocchio:620,PRON,1828,1831,him,
verrocchio:620,PRON,1881,1883,he,
zuccaro:759,ENT,0,15,Francesco Maria,
zuccaro:759,ENT,22,26,Duke,
zuccaro:759,ENT,22,36,Duke of Urbino,
zuccaro:759,ENT,30,36,Urbino,
zuccaro:759,ENT,60,114,"township of Sant'Agnolo in Vado, a place in that State",
zuccaro:759,ENT,95,100,place,
zuccaro:759,ENT,109,114,State,
zuccaro:759,ENT,165,191,painter Ottaviano Zucchero,
zuccaro:759,ENT,200,205,child,
zuccaro:759,PRON,214,216,he,
zuccaro:759,ENT,234,240,Taddeo,
zuccaro:759,ENT,248,251,boy,
zuccaro:759,PRON,317,320,his,
zuccaro:759,ENT,321,327,father,
zuccaro:759,PRON,333,336,him,
zuccaro:759,PRON,343,346,his,
zuccaro:759,PRON,373,376,him,
zuccaro:759,ENT,390,396,design,
zuccaro:759,PRON,419,422,his,
zuccaro:759,ENT,423,426,son,
zuccaro:759,ENT,489,495,master,
zuccaro:759,PRON,513,515,he,
zuccaro:759,PRON,525,532,himself,
zuccaro:759,ENT,540,549,Ottaviano,
zuccaro:759,PRON,557,560,him,
zuccaro:759,ENT,566,580,Pompeo da Fano,
zuccaro:759,ENT,576,580,Fano,
zuccaro:759,PRON,600,603,his,
zuccaro:759,ENT,604,610,friend,
zuccaro:759,ENT,630,637,painter,
zuccaro:759,ENT,639,645,Pompeo,
zuccaro:759,ENT,648,653,works,
zuccaro:759,ENT,667,673,Taddeo,
zuccaro:759,PRON,688,691,his,
zuccaro:759,PRON,698,700,he,
zuccaro:759,ENT,713,724,Sant'Agnolo,
zuccaro:759,ENT,774,777,his,
zuccaro:759,ENT,778,784,father,
zuccaro:759,PRON,800,803,his,
zuccaro:759,PRON,897,899,he,
zuccaro:759,PRON,953,956,his,
zuccaro:759,ENT,957,963,father,
zuccaro:759,ENT,993,997,sons,
zuccaro:759,PRON,1035,1038,his,
zuccaro:759,PRON,1060,1062,he,
zuccaro:759,PRON,1101,1104,his,
zuccaro:759,ENT,1105,1111,father,
zuccaro:759,PRON,1115,1117,he,
zuccaro:759,PRON,1130,1132,he,
zuccaro:759,ENT,1180,1184,Rome,
zuccaro:759,PRON,1234,1241,himself,
zuccaro:759,PRON,1258,1260,he,
zuccaro:759,PRON,1294,1296,he,
zuccaro:759,ENT,1317,1324,persons,
zuccaro:759,PRON,1326,1328,he,
zuccaro:759,PRON,1350,1354,them,
zuccaro:759,ENT,1399,1428,"Francesco, called Sant'Agnolo",
zuccaro:759,ENT,1460,1470,grotesques,
zuccaro:759,ENT,1477,1492,Perino del Vaga,
zuccaro:759,PRON,1494,1496,he,
zuccaro:759,PRON,1507,1514,himself,
zuccaro:759,PRON,1518,1521,him,
zuccaro:759,PRON,1549,1552,him,
zuccaro:759,PRON,1565,1568,his,
zuccaro:759,ENT,1569,1576,kinsman,
zuccaro:759,PRON,1578,1580,he,
zuccaro:759,PRON,1604,1607,him,
zuccaro:759,PRON,1629,1631,it,
zuccaro:759,ENT,1637,1646,Francesco,
zuccaro:759,PRON,1668,1675,kinsmen,
zuccaro:759,PRON,1710,1713,him,
zuccaro:759,PRON,1757,1760,him,
zuccaro:759,ENT,1839,1842,boy,
zuccaro:759,PRON,1865,1872,himself,
zuccaro:759,PRON,1909,1916,himself,
zuccaro:759,ENT,1937,1941,Rome,
zuccaro:759,ENT,1992,1996,shop,
zuccaro:759,PRON,2058,2060,he,
